Area_sqft,Bedrooms,Bathrooms,Age_Years,Distance_City_km,Nearby_Schools,Crime_Rate,Property_Tax,House_Price_PKR
1660,6,1,21,8.7,7,1.44,10818,11898200
4572,4,1,11,19.7,7,2.02,11600,26374600
3892,6,5,1,2.1,3,4.14,19341,26112200
1266,3,4,30,3.7,6,3.63,23053,8368400
4244,5,4,4,2.0,3,3.95,32877,27028000
3971,5,5,6,12.9,5,2.49,32229,25338700
3719,3,4,25,2.0,3,3.72,35426,21918100
930,3,1,25,16.9,1,2.24,27328,4613200
2485,4,1,23,10.7,4,1.45,22333,14694500
1569,5,2,11,11.0,4,3.35,14255,10907500
3191,5,5,15,11.7,2,4.89,31964,20094700
3233,4,3,22,4.2,2,1.9,34499,19659500
1984,2,3,7,4.8,3,2.57,32892,12317600
4185,4,2,29,7.1,7,3.53,34464,24346900
4917,6,2,27,12.3,7,2.94,29648,29379700
3704,5,4,8,5.0,4,4.3,18907,23706000
1274,3,2,14,3.2,1,3.93,37361,8111400
1882,6,2,4,19.4,6,0.76,34457,13501800
3358,5,3,12,1.4,1,4.99,24007,21172200
2847,4,4,4,16.3,1,3.89,22241,17550700
3547,6,2,10,16.0,3,4.39,20090,21861700
1775,5,2,9,6.6,3,3.43,20305,12338900
2606,2,4,19,3.6,5,4.35,31902,15509000
989,2,5,12,3.8,1,1.01,32506,7252300
3534,3,4,8,14.3,7,2.06,25562,21488800
3805,5,3,20,13.2,7,4.44,28239,23070700
2699,2,5,13,15.9,1,1.41,38201,15712300
2067,4,1,17,18.8,3,0.85,21065,12100500
2328,5,4,14,14.1,3,4.05,20647,15131000
4002,4,3,9,4.0,5,4.26,16523,24569800
4356,4,5,23,5.6,5,1.23,14037,26668400
4690,2,4,30,17.0,2,4.34,8527,25184200
1446,5,2,6,5.0,4,3.59,26443,10872200
3688,6,4,7,2.4,1,2.84,17290,24325200
3235,2,1,27,14.4,7,4.24,8211,17125700
1400,2,4,2,8.6,1,2.39,26098,9211200
3163,5,5,30,18.5,5,1.37,27072,19437100
2861,5,5,14,13.4,5,1.78,18522,18883900
1041,4,4,15,2.7,2,2.77,27650,8254100
2841,5,5,3,19.0,4,2.89,23115,18698700
3624,4,2,20,5.9,2,4.13,13149,21223400
3412,2,4,5,7.4,7,4.06,17224,20610800
2163,3,2,0,8.6,4,3.12,25716,13720100
2278,6,2,3,2.0,6,4.01,21621,16557800
3356,2,3,10,10.4,1,1.36,14820,19266800
1575,5,4,11,3.3,2,0.73,39424,12193900
4814,6,5,25,8.6,5,4.43,22761,29693400
834,3,2,28,7.7,2,0.84,18032,5147200
3952,3,3,4,15.7,6,1.61,30275,23543800
2755,4,4,22,16.3,2,3.63,38399,16275900
2385,6,4,28,3.9,1,2.34,29070,16063700
4743,4,1,20,8.0,6,4.44,22002,27293700
3873,2,1,15,8.1,5,1.84,18330,21763700
1821,6,2,12,3.9,5,0.55,20743,13776500
4261,2,1,12,16.2,3,1.85,28475,23279500
3413,4,2,16,14.4,6,3.1,24827,20191500
4643,6,5,26,4.6,3,2.19,36750,29051700
2300,4,2,6,8.0,3,2.91,34074,14740800
961,6,1,7,3.0,1,4.44,25310,8192700
2781,4,5,12,12.9,2,4.61,30630,17339300
1795,3,1,22,3.3,5,1.7,25006,10937500
4142,4,2,26,19.7,5,2.58,17671,23292400
4598,3,3,15,15.8,2,2.97,27421,25976600
2075,4,4,29,8.4,5,4.77,19577,12902100
1816,6,1,28,12.0,2,4.99,35894,11249200
1137,6,2,30,18.3,6,1.56,24617,8085300
1678,6,5,3,11.5,1,3.77,34193,13021600
1876,5,1,7,4.3,1,2.2,27075,12803000
4793,2,1,15,8.2,7,0.54,18222,27172700
1179,6,4,30,17.0,1,0.54,31786,8629700
1292,3,2,20,13.2,2,2.57,39509,7473600
2862,6,3,9,13.4,7,2.7,8386,19229000
4684,5,5,24,17.5,2,0.6,39566,27965000
864,3,2,11,18.0,4,3.59,9634,5311200
3368,5,5,11,18.5,7,1.82,16110,21660600
2827,3,1,25,2.8,5,3.02,12133,16340100
3495,4,4,4,11.3,5,1.85,17376,22109500
2295,2,4,15,15.1,4,1.25,13581,13465500
1191,2,3,0,15.4,4,2.33,9967,7692900
4361,5,4,27,12.5,1,1.55,29952,25874500
3078,2,1,8,4.2,4,2.91,31668,17785800
3899,5,3,11,16.2,2,1.39,32816,23693700
1000,5,2,4,14.7,3,2.79,29529,7836200
3904,5,4,21,2.6,2,1.21,13767,24494800
3254,2,3,19,9.8,7,3.52,16753,18638600
4445,5,1,21,4.3,4,3.89,26383,26329700
1604,2,5,27,7.4,5,1.0,12901,10034000
3531,5,5,23,1.3,2,2.61,18121,22566300
3573,6,1,2,8.6,5,0.82,22633,23251100
2370,5,1,4,11.4,2,3.19,37476,15154200
3490,3,5,1,12.8,5,1.69,38873,21846200
4640,5,3,13,13.6,6,2.87,27163,28073600
1828,4,5,1,16.9,2,2.83,34251,12581400
1302,5,1,12,5.1,7,4.66,18707,9644800
1670,3,4,6,3.3,5,2.97,30576,11797600
1006,3,2,9,17.2,3,3.12,26061,6204600
2284,2,4,12,4.0,7,2.31,20333,14504800
1663,6,4,15,19.5,1,4.77,19938,11359100
3590,5,1,25,17.0,2,4.0,19548,20325000
1363,2,5,13,10.5,3,1.78,23115,8897900
4991,6,3,10,19.6,1,4.3,17843,29662500
2557,5,4,9,2.9,2,2.45,12177,17516500
2478,4,5,5,6.8,3,4.23,15211,16595400
4042,5,3,3,13.1,3,4.2,15873,24860000
1859,3,4,20,7.7,7,1.35,11841,12223500
2522,3,3,0,18.6,6,3.66,31482,15429800
4114,4,5,6,2.2,3,1.81,14416,26155800
3957,2,2,23,11.4,6,1.84,18633,21994700
3425,6,5,8,12.2,4,1.83,38481,22863900
3529,5,1,7,13.4,7,3.77,12885,21669100
2397,3,3,4,5.9,5,1.53,8594,15586900
3860,2,2,18,7.9,7,0.5,22393,22217000
3493,4,3,9,17.0,1,3.72,10612,20525100
4427,3,3,10,4.7,5,1.27,20288,26567100
2163,4,4,24,16.7,5,0.97,30743,13511100
2781,5,1,14,11.7,6,1.57,39971,17488100
2463,6,3,5,15.5,5,2.21,25880,16946300
2329,3,5,14,14.6,3,2.64,27939,14370700
2838,3,5,4,4.9,6,0.7,12861,18882000
4102,5,4,28,11.8,5,4.87,12766,24450600
3037,2,1,18,17.5,6,3.72,11358,16232100
2106,6,1,21,9.2,4,1.95,22846,13955000
4829,3,5,18,19.4,6,1.93,34177,27969900
3475,6,2,9,9.6,2,2.52,8914,22088100
2082,3,4,11,3.7,3,3.32,26228,13543600
1509,6,4,21,8.4,1,1.16,9995,11422300
4548,4,5,3,19.1,2,1.35,32009,27465000
1463,3,5,30,7.1,2,4.37,8094,9025100
2798,6,2,17,17.5,2,1.65,16684,17516000
4245,2,2,15,17.7,5,2.21,23100,23393300
4543,4,1,7,7.7,6,4.42,27453,26867100
2295,4,4,3,2.6,6,3.48,8149,16072900
4104,2,4,24,14.8,7,2.04,25430,23191200
4563,6,5,22,6.9,5,3.58,10803,28683900
2653,5,1,11,15.9,3,0.59,29718,16457700
2091,2,4,1,9.4,5,3.81,32974,13235300
4381,6,1,3,10.2,5,2.69,39129,27308700
4257,2,1,4,15.8,5,4.16,22466,23608300
2436,2,5,2,8.3,3,4.8,37526,15141000
4496,3,1,8,9.4,7,4.67,38867,25909600
3799,6,2,28,8.1,3,4.59,28860,22876700
3952,5,2,20,8.0,4,2.8,15276,23840000
1498,3,3,17,11.0,7,2.12,8551,9764600
2960,2,5,10,16.4,4,2.59,23480,17421200
4897,2,3,2,7.9,4,3.6,16486,28348500
1654,2,2,29,11.0,4,4.48,25527,8539400
4274,6,3,30,13.7,6,1.43,24839,25976400
2507,6,5,24,6.1,2,4.63,17745,16905900
3577,3,5,22,6.3,2,4.17,16360,21132100
2533,5,1,1,18.7,4,4.9,20997,15684500
4310,3,4,8,14.7,4,4.46,26330,25140800
1002,4,1,13,12.0,1,1.76,30499,6609800
4055,2,5,3,13.3,2,0.98,15310,24003900
1566,2,2,28,1.6,1,1.01,30564,8879800
3127,2,2,8,12.7,7,1.81,13817,18192300
3731,3,1,30,10.7,1,3.26,29764,20080300
997,3,5,12,11.4,5,4.12,30758,7391100
2730,2,2,17,7.8,6,4.55,32829,15473000
4382,3,5,14,2.5,7,3.31,18568,26828800
1408,6,2,27,4.7,3,0.53,16070,10501400
4072,6,5,9,19.1,2,1.34,9320,25748200
1947,3,3,15,8.8,4,0.95,31507,12328500
4197,2,5,11,9.9,7,2.13,14153,24984900
3311,3,5,19,2.0,4,2.76,14589,20489300
2594,3,1,4,1.7,3,0.7,39641,16264000
1459,3,3,1,14.6,7,2.07,35459,10104100
3611,4,4,9,11.2,2,1.31,23589,22269300
2169,6,1,0,10.7,7,3.41,11607,15371300
2786,5,4,6,5.6,4,2.59,18317,18920200
946,5,2,25,15.2,4,2.73,36072,6561400
4019,4,4,16,4.2,5,2.42,18432,24820100
3711,3,5,15,4.6,1,4.8,8400,22162500
2534,4,4,26,9.8,7,1.47,34732,16074600
2643,4,1,26,6.4,4,2.82,39511,15550100
1288,2,1,23,5.7,6,3.81,30426,7177800
3776,6,4,2,13.3,2,3.01,38982,24375800
2759,5,1,13,13.4,6,4.68,34952,16924900
3185,3,1,9,16.7,3,2.2,24746,18034500
3719,5,4,21,8.9,7,2.59,36514,23370700
2602,5,3,6,2.4,5,0.9,11851,18135000
4861,6,3,25,6.2,2,3.24,27796,29362700
4169,5,2,16,19.6,5,1.8,18498,24641500
1062,5,1,29,12.3,1,1.22,38030,6783600
1423,4,4,5,14.5,4,2.95,8084,10207500
1816,6,1,22,1.1,2,2.9,38217,12563000
4443,2,5,21,10.8,3,0.84,9824,25529700
2849,3,1,3,1.7,7,3.64,20077,17763700
4523,5,1,16,11.8,1,3.31,23930,26253300
3908,3,3,26,18.5,1,1.35,32883,21537000
4890,2,4,8,19.4,5,2.61,20549,27723800
2856,3,1,3,11.3,1,3.74,18113,16518200
3970,2,3,6,9.7,2,2.88,23132,22810400
2482,4,2,22,19.0,5,2.28,16822,14447400
3055,5,3,1,13.8,1,1.95,29159,19552500
1954,2,3,16,2.2,7,3.25,37536,12203000
3991,3,3,23,9.8,3,4.73,32252,22546900
2496,5,1,7,5.6,7,3.52,32003,16563600
4791,4,1,22,9.9,6,0.84,15418,27756700
2448,5,2,29,9.7,2,2.57,10371,14826600
2245,2,5,30,12.1,3,4.51,15068,12459300
4999,4,5,14,7.8,3,0.93,27684,30336900
4723,3,5,30,4.1,5,4.95,30205,27395500
1053,4,2,14,10.6,4,4.77,38523,7177100
3983,4,5,7,16.8,5,0.85,32187,24678500
3357,6,5,15,13.6,2,4.7,19859,21497500
898,4,3,18,7.4,2,2.13,15464,6765400
3000,4,1,10,18.8,5,4.3,25110,17368000
3761,5,1,1,18.3,4,2.38,21548,22768900
4577,3,3,22,5.0,7,2.48,15121,26825900
3669,5,3,23,1.7,5,3.35,17840,22908500
4034,5,3,16,15.1,2,3.99,12312,23951200
4591,2,1,27,16.7,4,0.65,16000,24553500
1756,5,5,25,19.4,2,3.17,17461,11369600
4867,6,3,15,17.9,4,1.34,28927,29504700
960,6,2,24,12.4,4,2.06,32398,7564800
2100,2,3,14,11.1,5,2.07,8318,12424600
4787,3,4,12,1.5,5,2.61,23329,28810300
2327,3,3,14,5.7,5,2.0,23791,14659500
2018,5,1,26,9.7,4,0.98,27859,12702400
3904,5,3,3,12.9,4,1.16,38581,24579800
3535,5,4,15,11.6,2,0.65,22372,22202500
1754,3,2,29,15.1,3,2.62,23935,9525600
4246,4,5,11,6.3,5,4.8,35354,26186000
1845,6,3,29,11.7,6,1.02,23701,12856100
2493,4,4,3,2.7,2,4.76,19250,16601300
4236,4,4,2,8.9,2,3.8,29537,25919000
1362,3,2,21,15.3,1,3.37,28518,7465600
3285,4,1,16,14.2,5,3.4,9602,19065500
4154,2,3,21,19.8,7,4.22,26640,22704600
1025,5,4,17,6.3,2,0.98,33405,8628900
1759,2,2,24,10.5,1,2.77,17047,9307100
3867,6,5,17,7.3,6,3.64,31703,25170700
1615,5,4,22,9.4,6,3.14,23234,11547700
3920,4,2,27,17.3,7,4.25,15532,22189000
816,6,1,16,14.0,5,0.83,15366,7008400
2043,5,1,11,17.8,4,3.61,10648,12707300
3005,4,4,22,4.9,1,2.9,14903,18436500
3324,2,4,20,17.6,4,2.21,26242,18584800
1869,5,3,23,2.1,6,2.03,25486,13238900
4244,4,2,3,17.9,6,3.29,21788,25144200
3365,2,4,30,7.3,3,4.51,10481,18655300
1860,6,3,11,7.0,3,2.73,9820,13662400
3127,6,3,30,10.7,7,4.21,37513,19644300
4220,6,4,25,18.9,3,2.31,18271,25459800
1101,6,1,22,1.9,3,0.96,27542,8907300
1406,3,2,21,7.7,7,0.78,35016,9150400
3970,5,2,20,17.3,2,0.73,11684,23336400
1499,5,1,19,8.5,3,2.21,31795,10034300
1939,3,4,14,4.8,2,2.02,33831,12586100
990,4,2,22,9.1,2,3.73,35533,6460400
3100,4,4,27,8.3,5,3.84,11651,18758200
1780,6,4,15,18.4,2,0.73,18431,12664400
3775,2,3,4,15.5,2,1.5,18131,21597500
1984,4,1,20,10.6,3,1.73,32091,11962400
4127,2,4,14,19.8,2,2.96,32845,22857300
4194,5,5,16,9.8,4,1.15,32491,26343000
927,2,1,17,2.1,7,1.1,31265,6169500
2865,5,2,4,6.0,3,4.75,30604,18467500
2616,3,3,12,9.3,7,4.12,12830,16042600
1369,3,2,18,4.0,1,1.31,36640,8692300
2695,6,2,29,19.0,3,2.33,29363,16262900
3533,4,1,12,15.6,2,2.1,15334,20387500
4663,6,2,17,6.1,4,4.06,22619,28482300
4814,5,4,13,12.2,7,2.8,28159,29537000
3701,6,2,29,14.7,3,1.08,17304,22246900
2486,2,3,3,18.9,4,3.83,22879,14240400
3809,5,3,3,17.8,7,2.29,25032,23878700
954,3,5,19,10.8,1,1.68,33755,6739400
3337,4,3,19,15.7,6,2.19,22585,19941700
2209,5,2,18,11.7,1,2.74,34718,13801700
4857,5,3,12,11.5,6,2.04,8016,29563700
1584,2,1,11,3.2,5,1.59,16308,9747200
3975,4,3,6,3.4,6,2.29,37654,24949700
3606,3,4,24,11.1,5,0.59,14476,21285200
1337,5,1,11,6.1,3,3.98,13942,9498900
2641,5,5,20,1.4,5,1.27,25929,18275100
3255,2,4,3,14.7,4,0.7,35727,19439500
1324,6,2,26,1.6,5,3.44,10693,10157200
3750,3,2,1,12.3,4,3.98,31983,22036400
4931,4,2,1,11.2,7,4.16,23562,29487300
4915,5,4,4,19.4,7,2.72,28473,30048100
3168,5,4,22,10.2,6,1.42,14259,20239600
4647,3,4,9,2.2,6,3.82,29442,28096100
3501,6,1,9,11.5,6,3.65,23579,22062500
1771,5,1,8,17.0,5,1.61,17468,11757300
1966,3,2,12,19.9,6,4.57,27624,11271600
3574,2,3,6,9.2,5,0.97,12942,21196600
2782,6,2,4,7.1,5,4.92,22651,18713600
1653,4,5,25,18.2,2,4.37,11788,10143100
4946,5,1,9,4.6,2,3.6,31337,29499000
4536,3,4,9,12.7,5,4.72,8371,26542600
4569,2,1,5,8.7,7,3.75,35383,26020500
1374,4,4,26,1.8,4,1.36,31404,9967800
4061,3,5,27,7.6,3,2.49,15120,23754700
1948,3,5,18,6.0,1,0.82,13702,12695600
2515,4,1,20,14.0,2,2.25,16347,14482500
4654,2,4,7,19.0,5,3.84,10661,26356200
3291,2,5,0,6.1,1,2.24,31564,20204700
3460,6,2,27,16.4,2,1.99,14651,20693200
3924,5,2,16,2.1,3,3.18,33040,24153400
3851,4,4,6,11.2,4,4.42,12878,23566100
804,4,1,13,2.3,5,0.71,21091,6725800
1676,4,5,20,18.7,3,2.23,12315,10841400
1791,2,1,29,15.6,7,1.21,30542,9363300
4942,5,2,20,13.5,2,3.63,17965,28600400
1435,6,5,16,16.7,5,0.98,16308,11405900
2493,3,1,8,13.3,1,3.49,14474,14161700
2482,3,3,16,19.4,7,1.79,34679,14678200
919,4,4,4,14.6,7,1.4,9374,7964500
1630,5,4,25,18.6,6,4.71,19395,10647800
4475,2,3,24,10.8,4,0.58,38690,25086900
2169,5,2,29,3.2,7,2.47,15393,14259100
1540,5,5,30,11.0,2,0.6,12403,10828000
916,2,4,19,3.4,4,2.68,11546,6328400
3638,4,3,28,12.3,5,2.75,11977,21218000
1950,5,3,7,10.2,6,1.95,36893,13927000
2731,3,2,5,12.8,3,1.09,17388,16443700
1812,2,2,10,1.2,4,2.19,27795,11319200
2464,6,1,30,4.7,1,3.53,16988,15299400
1881,4,4,18,10.3,2,4.02,38201,12042100
1312,2,1,3,19.1,1,2.89,11892,6982200
3649,6,3,17,8.3,4,3.15,31708,23160500
1359,6,5,0,9.1,6,1.4,32726,12369500
4472,5,5,12,14.6,3,1.79,22008,27559200
4143,5,2,13,12.5,3,1.23,11249,25013900
4870,5,5,23,6.7,1,1.62,38228,29571600
2270,2,5,0,8.8,5,1.51,8111,14887800
1380,2,5,29,5.1,5,2.84,25066,8642200
3094,4,3,28,19.4,6,3.03,25545,17795400
3947,5,5,10,3.5,3,4.75,15400,25193500
2479,6,5,16,8.1,1,1.38,10379,17301900
4306,3,5,3,1.5,1,3.39,38237,26421200
3544,4,1,25,5.2,1,4.18,21180,20176400
4156,2,3,11,15.8,4,3.02,29810,23339600
4845,4,2,9,4.8,6,1.65,16352,29263500
2043,4,1,30,2.5,5,1.68,25809,12559900
3918,4,4,5,10.0,5,0.68,28045,24617400
2941,4,3,24,1.2,4,1.87,16469,18367100
3859,3,3,0,2.6,2,3.85,35967,23480500
3759,5,4,6,16.3,4,0.71,17748,23748300
3065,6,4,25,15.7,6,1.49,31424,19729700
3279,4,4,26,18.4,1,3.68,28976,18704900
2435,4,2,20,17.2,4,4.02,31914,14106100
2557,4,5,27,14.0,1,2.55,38067,15427500
2870,5,3,30,2.0,6,3.64,18107,18208200
3649,2,5,15,15.9,7,2.25,20942,21336500
4051,2,5,23,17.1,6,1.22,27491,23087100
4530,3,4,13,16.2,3,2.29,24686,26156200
3289,2,2,22,10.7,1,3.11,12533,17767300
2431,4,1,19,5.4,5,4.77,27157,14670100
3616,4,2,19,17.1,4,0.81,31583,21043800
1815,4,5,5,14.8,7,2.78,12281,12962900
2148,3,2,21,19.6,6,1.98,35821,12154400
3887,4,4,24,4.0,1,2.79,38261,23263700
3639,2,1,27,5.3,7,0.61,12768,20420300
1135,5,4,4,5.0,2,1.91,37945,9863300
1695,5,1,23,16.1,3,4.19,25384,10142700
4346,6,5,20,4.6,2,2.99,36410,27522200
1651,2,1,17,2.3,6,2.53,20198,9865900
2487,4,1,14,20.0,2,1.78,38998,14264900
2731,5,1,5,1.5,2,1.84,37354,17944700
4546,2,2,24,16.9,3,2.22,26102,24453600
3227,5,2,28,7.9,3,4.26,15169,19184300
2368,4,5,18,17.0,3,4.85,15361,14552000
4800,5,1,0,11.5,7,2.47,39909,29298600
3538,6,3,0,18.1,3,2.27,11830,22719600
4298,6,5,12,18.6,2,4.31,31538,26519800
4713,5,1,2,1.2,5,2.42,29404,29247100
1866,2,1,9,2.4,5,2.98,35757,11287400
3244,2,2,20,5.8,3,1.54,39099,18351200
4907,2,5,2,13.7,7,3.85,10882,28867500
4173,5,1,8,17.9,4,2.89,8998,24651700
4769,2,1,7,9.7,1,4.14,23942,26303700
3346,4,5,2,12.5,6,4.01,24668,21446800
1553,6,3,24,4.6,7,1.47,24246,12043100
2882,4,5,30,16.3,4,3.72,32996,17063600
3574,2,5,12,19.4,6,4.1,26544,20507000
3696,4,3,5,6.1,4,2.06,11065,23103800
4985,2,5,12,10.4,4,1.28,18467,29035900
1575,5,1,22,2.6,5,0.51,25878,11119300
2425,4,5,19,11.6,1,2.53,20076,15271900
3869,5,3,19,10.6,4,2.09,29007,23636700
1217,5,4,11,3.7,3,3.0,10543,10024500
914,3,5,12,9.4,6,1.35,36702,7507000
1416,2,2,1,7.3,7,4.37,36833,9202600
4774,6,1,20,10.9,5,1.66,18033,28694800
4067,2,1,23,12.1,6,1.52,29184,22289100
1625,6,2,22,1.2,3,2.66,33297,11934300
2316,2,2,15,15.5,3,2.74,9401,12674200
3946,5,5,22,14.5,4,1.47,24829,24311600
1212,4,2,5,8.0,3,1.72,35367,8949600
1528,4,4,18,2.0,1,1.26,12522,10912800
4148,3,3,20,15.3,3,3.73,28151,23295400
3608,6,2,12,19.1,4,3.97,10551,22030600
1475,6,2,16,5.6,6,2.58,30030,11410900
4265,6,4,22,7.1,3,3.71,34543,26515300
3304,5,1,8,4.5,5,3.81,28272,20799800
3767,6,1,16,12.0,7,1.12,12816,23544100
3586,4,5,28,3.9,5,4.85,27115,21868000
1922,5,4,1,7.8,5,4.19,38473,14172200
4879,2,3,18,14.2,6,1.42,15699,27470100
2371,6,3,18,11.6,2,1.34,10629,15867700
2943,6,4,23,8.3,7,1.07,15687,19827100
2487,2,3,6,9.0,5,1.12,18156,15214100
4932,6,1,21,11.7,5,3.87,25441,29192600
4651,2,3,30,1.1,2,2.61,38716,25990300
4240,5,3,9,2.5,6,4.02,37407,26712600
4566,4,4,9,17.7,7,3.86,14834,27260800
3126,2,4,26,2.5,5,3.22,33333,18231600
3714,3,3,19,14.4,4,3.59,26179,21138200
4752,2,2,8,18.5,6,0.58,34219,26771400
1395,6,4,16,6.1,7,1.9,12849,11717500
1528,5,5,26,8.0,5,3.37,23782,11139600
2165,5,5,14,11.8,5,0.54,23827,15316700
1498,2,1,1,17.8,2,0.65,32599,8565000
1195,4,3,30,18.9,7,4.33,17431,7229900
4971,3,2,29,15.1,4,3.58,12150,27203900
3302,5,1,3,2.6,6,1.69,19289,21526200
2619,6,3,18,13.7,3,3.6,17496,16913500
1517,6,4,16,8.8,1,4.07,31331,11339100
3582,4,5,4,9.9,4,1.88,14470,22882400
4377,5,2,6,1.9,3,0.66,21257,27461300
943,2,5,17,4.6,4,4.7,38905,6550500
3940,6,4,20,16.0,7,2.05,35118,24804000
3738,4,3,21,9.6,3,0.98,31563,22319400
4436,5,4,26,6.7,7,2.71,11712,27203800
4022,5,4,6,8.3,3,3.96,36531,25264800
1967,5,5,16,17.2,4,1.5,20721,13534500
3416,5,2,6,15.2,2,1.71,20495,21018800
1862,5,4,3,6.2,4,1.59,20420,14066200
2956,6,5,7,3.2,7,4.96,29842,20888800
3782,4,2,12,5.8,4,1.39,13315,23028200
4094,5,3,3,18.5,3,3.09,13381,24901200
1956,3,3,5,12.1,1,4.66,17497,11901800
1532,3,1,24,11.1,3,1.16,37040,8709800
1753,4,5,4,12.3,5,4.87,27558,12396100
3339,2,2,29,8.0,4,4.76,21494,17983300
4124,2,4,11,16.3,6,4.48,39142,23453400
4101,2,3,3,10.9,4,1.47,39752,23966100
2342,3,2,23,3.2,2,3.35,36204,13705000
1991,2,5,28,3.5,7,3.92,30771,12235100
3793,6,1,8,11.2,6,4.94,33357,23584700
3481,5,3,3,18.8,3,1.31,31151,21722300
2017,3,2,18,6.9,2,3.95,24950,11836500
2340,4,2,23,17.5,4,2.02,23752,13652600
4036,4,2,13,15.5,3,1.29,12622,23608200
3186,5,5,4,5.7,3,2.4,12132,21436000
4519,3,5,17,1.7,5,4.07,36849,27197100
2188,2,5,9,2.9,5,2.59,16830,14270200
2656,2,4,24,14.8,1,2.92,36276,14521600
2165,6,2,18,4.8,5,4.98,14995,14773900
1299,6,3,11,8.1,7,2.3,28551,10951500
2480,2,5,17,10.5,6,3.27,34975,14962600
1310,4,5,16,14.8,3,2.14,10670,9312200
2124,4,2,29,3.2,5,2.27,17364,13235600
1955,6,5,23,8.7,1,3.63,34296,13757900
2627,5,4,10,10.2,4,4.72,32680,17268100
3941,2,4,2,11.3,6,2.94,26066,23431700
4286,6,5,22,16.5,5,3.96,36892,26442800
2610,6,2,16,4.3,3,0.9,18041,17646000
3723,2,2,0,16.3,4,1.45,17054,21361500
3014,2,2,14,14.2,7,2.76,19637,17051800
4986,4,1,27,11.6,3,0.59,18757,28190200
1513,5,5,8,14.3,4,1.64,16490,11623700
4402,5,2,14,8.8,7,2.83,35484,26855400
4934,2,4,27,3.6,7,0.57,20329,28566600
4322,3,3,23,13.6,6,1.69,8770,24766200
2043,6,3,27,11.0,3,2.81,39616,13579300
4509,6,2,28,13.1,5,3.08,35115,26812900
1881,2,3,2,7.4,5,4.67,34038,11767100
1255,3,3,21,18.2,1,3.4,11854,6970500
1694,4,1,26,12.2,4,2.37,11118,9978600
2184,2,4,18,2.6,1,4.69,26516,12867200
2758,2,4,12,9.5,2,4.03,17901,16020400
3872,6,1,11,15.4,5,1.4,31609,23900000
2796,2,1,19,16.1,4,1.09,25374,15070200
1304,2,3,0,10.4,6,3.54,25094,8719200
2014,2,5,20,18.0,1,3.02,28688,11254600
2331,6,3,16,6.1,6,4.05,29751,16207500
4240,4,1,12,8.8,6,3.82,21522,24945600
1623,4,4,0,18.1,6,3.31,8038,11462300
1728,2,3,9,18.0,1,4.94,25659,9401200
933,6,5,14,14.0,2,2.9,24002,8403500
2905,4,3,26,17.3,7,1.01,31453,17345300
4427,4,2,26,2.7,7,4.23,38498,26051900
2652,4,3,29,17.4,1,1.63,12857,15122400
4975,6,1,6,7.1,7,4.0,24312,30685500
3733,6,4,27,4.4,3,4.81,9436,23396300
4084,2,4,21,5.5,7,3.64,35569,23690200
3611,5,1,17,8.9,5,3.18,34045,21805900
2050,4,2,15,5.8,1,2.57,26483,12910600
4312,5,1,13,7.1,7,2.14,32949,26312200
2056,6,3,26,3.6,1,2.09,15693,14105200
4176,6,1,27,6.6,2,3.36,21218,24852800
4286,6,1,17,11.9,3,3.88,12251,25624400
4384,5,2,26,9.4,1,3.55,28409,25428000
2196,6,3,6,7.6,5,1.39,38237,16079200
4437,2,5,16,15.2,7,2.72,17305,25613100
4130,6,5,28,18.0,5,4.06,35302,25167800
3503,3,4,17,15.4,7,2.64,18590,20721700
1270,5,1,11,7.3,1,2.91,30596,8974800
2153,3,4,7,15.1,6,3.97,27618,13558100
3583,6,2,21,3.9,7,3.48,33841,22865900
3631,2,5,30,3.5,6,2.34,15662,21244700
1157,4,1,29,7.6,3,4.53,31934,6837900
3819,6,2,1,16.3,5,1.23,11123,24365900
1467,2,2,6,5.7,6,4.98,25037,9171900
1945,5,1,3,2.2,5,1.03,12158,14069900
4985,3,2,17,3.5,7,0.57,16700,29354100
4519,3,1,27,17.3,7,4.51,18531,24552300
3545,3,1,5,13.0,3,1.6,35738,20545500
1339,5,3,26,5.8,7,3.78,17879,9804900
3579,2,4,30,11.6,3,4.15,13543,19574500
4936,5,2,8,11.0,6,4.37,21980,29653600
4575,3,2,26,13.5,7,4.96,23156,25422300
3308,6,3,8,5.4,1,1.82,17580,21797600
3579,4,3,13,17.4,4,3.7,26581,21072500
1724,5,3,7,6.9,2,1.02,11911,12626600
3756,5,5,30,14.2,4,2.33,21582,22784400
2381,2,5,18,1.3,4,4.32,19120,14686100
4124,2,5,2,8.1,5,2.15,38276,24957000
1055,5,1,17,7.7,3,3.16,13235,7634300
2638,3,2,4,11.3,5,2.77,12799,16085600
2744,4,4,13,2.4,6,3.41,33091,18064800
809,2,1,27,16.0,2,4.88,36234,3093900
3671,3,2,29,5.1,6,0.75,22225,21293500
1597,6,2,3,13.9,1,3.08,34409,11590900
1815,2,3,6,16.3,2,4.38,29744,10315900
2624,3,3,19,11.7,5,2.67,32605,15542600
3936,3,1,24,15.1,7,0.85,35790,22089000
2993,4,3,27,13.6,7,3.02,24709,17797100
1023,4,2,11,7.8,5,1.99,11766,7791700
4958,6,3,1,16.4,6,1.2,39668,31027000
4725,3,5,10,6.6,5,4.32,12111,28307100
4800,3,3,13,11.9,5,2.85,32686,27775000
2433,4,2,21,15.2,4,4.7,15015,14103500
2952,2,1,30,8.2,1,4.13,14856,15266400
1310,2,4,22,6.8,7,3.62,24490,8294600
1184,5,3,15,9.7,4,0.52,10426,9320600
1204,4,2,19,16.5,5,2.43,22497,7725400
2800,5,4,28,18.7,3,1.39,28762,17024200
3556,4,4,5,11.4,4,4.6,28748,21958000
2468,6,5,22,13.6,5,1.29,26915,16967200
2260,3,4,3,18.2,7,1.79,31194,14491200
4436,6,2,14,2.9,5,2.83,19336,27855400
3524,4,2,23,5.4,1,1.69,13316,20751200
4978,3,3,24,14.5,6,1.44,13362,28291200
2848,2,3,0,16.7,2,3.2,12693,16411000
4946,2,3,6,17.3,4,0.9,16990,28084000
1516,5,4,24,8.9,4,0.76,37954,11023800
2623,4,4,30,2.7,4,2.18,23133,16475900
2881,4,5,11,9.3,5,3.74,29652,18595700
4219,2,3,9,5.4,1,3.0,22178,24216500
2374,6,1,4,6.5,5,2.4,18629,16514000
1049,3,5,11,15.7,5,3.05,26395,7554500
1473,6,1,17,2.4,6,2.14,22751,11326700
2965,6,4,9,16.7,3,4.71,8425,19223300
1570,2,5,5,9.1,1,0.75,11044,10458000
4762,2,5,27,12.3,4,3.53,38397,26656400
2784,2,2,11,2.7,2,4.51,19480,16031800
1877,5,4,6,7.4,4,4.12,19106,13611100
1035,6,4,17,2.7,5,1.33,14229,9793900
1188,4,5,1,19.3,1,1.83,9239,8913400
3837,3,4,9,16.3,7,3.73,14566,22764900
2648,5,5,14,9.7,1,0.88,27775,17679400
3614,4,2,29,5.2,1,4.15,12213,20665000
4174,6,5,11,18.7,3,3.74,28381,26049200
4078,2,4,25,7.5,4,3.78,11006,23000400
2052,6,4,16,4.1,3,0.95,15025,15185000
4781,3,5,3,11.7,7,3.73,27423,28878900
2922,5,5,6,18.9,7,3.56,14558,19220800
2950,5,5,29,1.1,6,4.24,33174,19289200
2129,3,3,8,5.5,2,0.69,34663,13741700
2158,4,4,30,18.8,6,0.6,9184,13181000
3282,4,4,18,4.3,5,2.18,35326,20688400
2817,5,3,27,3.2,3,1.17,26968,17979100
2131,5,5,26,11.8,3,3.01,39139,14033300
2158,2,2,22,17.4,6,4.63,37335,11395400
3977,4,5,6,10.1,5,2.26,22430,24995300
2928,3,5,22,19.9,1,4.3,36089,16495000
2980,4,3,1,13.9,5,0.5,16102,19107000
937,2,4,5,2.4,4,1.26,21869,7384300
4272,5,5,17,19.9,6,0.64,15116,26276200
3632,5,4,5,8.7,5,1.98,20937,23579400
4379,2,1,12,6.5,1,4.59,36630,24078700
3831,3,4,25,11.6,5,0.94,38161,22395700
4964,5,2,18,6.8,3,3.23,12383,29438400
3393,6,2,29,2.6,2,2.53,28320,21125900
4618,5,5,1,1.0,3,4.72,26083,29512600
4938,6,4,11,9.5,7,1.05,12507,31318000
4623,2,5,14,16.9,2,1.45,22735,26269500
4842,2,3,13,11.9,7,0.63,35151,27872400
2706,5,2,5,20.0,5,2.45,37713,17039000
1560,4,5,17,6.5,4,1.75,24519,11365000
4245,6,3,4,6.3,5,4.41,10025,27177300
1699,3,5,17,4.0,1,3.22,27919,11228100
3747,5,4,2,4.1,5,3.26,12854,24530300
2519,3,4,2,6.4,2,2.89,13367,16159700
1080,5,4,21,16.1,3,0.91,10890,8153800
4066,4,4,21,18.2,4,2.5,27141,23739000
2687,4,1,9,19.5,7,5.0,37696,15763500
4066,4,3,18,5.4,5,4.26,11773,24373800
1466,4,3,2,17.7,5,4.52,32956,9981600
4988,2,4,28,7.2,3,4.2,31036,27726000
1471,2,1,11,3.1,4,0.96,23819,9108300
2769,6,4,28,17.5,6,1.52,9528,17822100
4956,3,1,15,13.1,7,0.51,37477,28329800
3922,5,4,16,4.1,5,1.87,28955,24959600
4700,5,2,6,9.2,5,0.99,19820,28887200
1323,2,2,12,6.5,6,2.63,13049,8305900
3193,5,5,23,15.0,7,3.55,8848,20135500
3917,2,4,1,9.6,2,4.44,37568,22888700
3393,6,3,3,19.8,2,3.87,28511,21361100
2768,3,5,9,2.0,1,4.72,18119,17467600
2553,6,2,6,7.7,3,0.74,18357,17613700
3096,4,4,23,10.2,4,0.55,24167,19098000
3061,4,5,16,10.6,5,3.48,31735,19275900
3086,4,4,19,7.0,7,1.8,20478,19617000
3678,6,2,5,14.9,5,1.64,30250,23439200
4943,5,5,18,17.6,1,1.99,30253,29415700
4444,3,2,4,18.8,7,1.71,10121,25820800
2855,4,1,9,16.3,7,2.8,20910,17175500
2076,4,2,8,17.2,5,2.48,37798,13016400
3566,4,4,26,11.5,3,2.81,35494,21070800
1102,3,3,12,16.7,1,3.53,12681,6668400
1438,4,2,18,6.8,3,2.24,22755,9564200
855,3,3,20,8.6,1,1.63,8472,5704900
1325,4,1,23,7.0,5,1.25,26171,8697500
4923,6,5,5,9.9,1,2.07,8113,31085100
2925,6,5,3,6.4,2,3.84,21690,20328700
4087,3,3,23,19.3,7,3.91,33912,22908300
1164,6,5,26,6.9,4,3.5,14473,9699000
2446,3,2,2,2.9,5,1.55,16530,15864000
1718,6,3,2,11.0,6,3.15,26669,13301000
3597,6,4,3,2.1,4,3.07,9196,24318100
2331,3,2,24,3.1,5,2.68,24462,13981900
4145,5,2,4,5.2,4,2.97,28943,25877100
2706,6,2,7,9.8,2,2.71,14017,17921800
3886,4,4,15,9.2,4,3.04,10652,23614200
2875,5,1,21,16.2,1,3.72,38659,16582100
1513,3,5,2,15.1,4,0.99,37233,10745700
1862,5,3,30,9.1,5,3.87,36956,12039600
2776,2,1,23,7.3,6,1.11,28702,15573800
2096,2,3,11,7.0,6,0.8,18832,13092000
925,6,5,24,15.7,3,4.89,13385,7601700
4396,6,4,7,2.0,7,4.81,38362,28610800
4083,4,2,12,1.2,4,0.77,22708,25080100
2403,5,2,3,16.1,6,2.49,33832,15840700
866,2,4,13,10.1,4,1.34,31438,6045200
1032,6,1,13,3.5,7,2.68,25211,9059400
2956,5,1,12,5.5,6,4.24,22571,18664200
1969,6,3,26,18.7,7,4.78,35294,12846900
2958,6,4,5,17.3,4,3.35,29307,19606000
2293,2,1,16,14.5,5,2.09,19002,12545700
4807,2,4,3,10.2,4,3.21,11385,27989300
3272,6,5,7,10.9,7,1.9,30440,22455000
3460,3,2,16,19.5,5,4.59,9965,19214200
3539,6,2,2,19.3,5,4.42,10427,22183100
2561,6,2,16,5.1,3,3.01,10841,17067300
4314,4,4,8,16.4,6,1.96,33189,26143800
2775,4,4,1,4.7,1,1.82,33138,18365100
3162,4,3,24,5.1,5,0.65,14563,19556000
1676,3,2,12,13.8,7,4.17,22387,10251600
4612,3,3,19,8.7,6,2.53,13840,26803400
4248,6,2,1,18.7,2,1.96,23154,26169800
2112,4,3,19,2.7,4,2.62,32194,13862600
2260,3,3,27,10.7,7,4.18,22093,13229400
3509,2,5,10,18.5,2,1.06,30448,20277300
3124,6,3,26,18.2,7,4.36,38924,19284800
2533,5,4,25,4.0,4,4.54,31528,16456700
2405,6,3,21,8.0,3,4.76,37402,15846300
3363,5,2,14,12.8,7,2.29,12352,20925700
4221,4,3,10,4.0,5,1.48,8184,26057900
4317,5,1,22,19.4,1,2.18,18384,24423900
3197,4,2,2,18.4,5,2.0,22319,19455500
4535,2,1,2,4.2,4,1.29,30193,26293700
3670,5,2,27,3.3,7,3.23,28449,22516400
1960,6,4,25,2.6,1,2.64,31565,13931200
1042,4,4,11,18.3,5,4.4,16437,7472000
3390,6,4,23,4.7,1,0.64,36662,21989200
1863,3,1,4,8.9,4,3.4,18426,11515500
3395,4,5,19,9.5,3,3.93,15504,20785900
1719,5,2,6,12.4,3,3.92,31810,11716100
805,4,4,6,2.4,7,4.49,33441,7720700
1267,6,2,12,5.3,5,3.78,26471,10243900
4970,2,1,8,18.7,2,4.68,8600,26764400
803,4,5,24,18.3,4,2.0,15804,5995500
1445,5,1,20,15.8,5,2.76,21249,9310300
917,3,2,12,1.4,5,0.56,13537,7178300
3728,2,5,11,7.2,3,0.53,27417,22386400
3351,3,5,12,12.9,7,1.58,26440,20737900
1646,4,1,23,6.2,1,0.95,22685,10155000
3562,6,4,9,18.3,4,1.67,34707,22859600
1941,6,2,0,13.0,1,1.3,16724,13909500
2610,5,3,24,2.4,6,0.63,13084,17411400
1523,6,3,7,18.3,6,4.59,10042,11294700
1024,2,1,21,19.2,4,0.54,32344,5073200
2848,6,2,15,2.5,7,3.81,24741,19181800
2373,5,2,12,11.1,2,1.18,24761,15332900
2628,4,1,2,6.8,6,4.61,34795,16624800
2717,4,2,2,8.5,3,4.52,21336,17006100
2826,6,4,23,4.4,2,3.44,28872,18672200
4544,3,1,4,12.0,5,3.53,21414,26128400
1701,4,4,25,19.2,6,0.52,12797,10899100
2839,6,2,10,10.6,3,4.93,11307,18280900
809,5,1,29,2.6,5,4.45,21721,6083500
1060,6,2,6,12.8,2,4.53,10596,8490400
2473,4,1,20,7.5,4,3.47,25167,14760100
3019,5,2,23,17.3,5,2.05,30308,18097500
2860,6,4,9,9.3,1,4.52,26763,18986600
4513,2,4,9,4.7,4,1.81,32215,26625300
2419,5,2,19,4.6,4,3.03,39513,15668900
1120,2,1,1,15.6,2,0.95,19795,6604000
2142,3,3,2,6.0,2,4.65,22984,13603000
3176,5,4,7,15.6,3,1.13,33558,20390400
3632,2,4,30,4.9,3,1.51,20134,20651800
3624,4,3,10,7.1,1,3.01,39772,21973800
2794,4,2,12,9.8,4,3.94,18782,17008200
3758,3,1,6,18.9,7,3.29,17234,21451200
2838,5,2,12,18.7,1,1.54,29651,17215200
4290,5,5,1,4.9,1,0.5,32022,27742000
4477,5,4,5,7.8,7,3.91,26922,28258300
1918,3,5,8,3.8,7,4.93,22618,13291400
2404,5,4,30,10.7,7,4.14,25245,15376200
4827,4,4,19,9.8,2,2.57,26260,28404100
1035,2,5,24,18.1,1,4.57,18027,5477100
2769,4,5,1,18.7,1,2.34,21986,17589700
2708,4,2,17,8.3,5,2.86,20400,16619800
1175,2,5,15,10.3,7,2.65,11526,8073500
4330,4,2,24,18.0,7,2.51,34261,24753800
3435,3,2,11,16.3,3,3.99,19593,19422700
2370,2,2,6,1.1,3,2.87,39998,14413600
3360,4,4,6,7.1,4,1.93,9622,21451400
4191,6,4,16,9.0,3,1.66,13518,26521300
3765,4,5,12,5.4,6,0.67,37533,24149100
4443,3,4,10,4.8,4,3.12,10657,26626100
4650,5,5,5,1.7,7,1.53,26316,30222400
1672,4,4,28,13.2,5,1.17,16699,10831600
2052,5,1,22,6.0,3,3.44,21955,12953200
2114,6,1,26,2.0,5,3.57,37137,14158600
3698,4,5,13,5.4,3,3.88,39543,23045400
877,2,4,5,16.2,3,2.77,27862,5807100
3421,5,4,5,17.2,5,4.52,10656,21519100
1400,6,2,1,10.2,1,4.71,33697,10670800
1865,2,3,21,8.9,1,4.13,24673,10288900
2936,2,5,19,19.6,1,3.36,31395,16222800
3249,2,3,24,4.8,6,1.87,13858,18809100
3143,2,3,14,5.1,1,4.92,31707,17839100
2663,4,5,27,6.5,3,1.73,27213,16833900
2118,4,4,16,4.3,7,1.41,18401,14678800
4397,4,5,28,8.2,2,2.49,39343,26010700
4562,6,3,7,18.3,5,0.76,30346,28368800
2990,6,4,4,12.7,7,4.9,29196,20268000
1792,6,1,16,8.8,2,3.15,31648,12162000
3512,3,5,19,18.8,7,3.01,33976,20688800
2992,6,5,0,1.9,6,3.45,16758,21609000
2048,4,4,21,5.0,2,2.74,9473,13335200
3854,4,1,17,11.8,4,0.64,21281,22544200
4833,3,1,14,12.7,1,3.26,37812,26801300
2797,3,4,4,1.8,6,3.72,23964,18211100
4487,6,2,6,8.7,7,2.38,26371,28383900
2951,5,5,17,13.3,3,3.91,36363,18780300
4818,3,5,5,14.3,1,1.52,20057,28465600
3910,2,3,21,13.1,1,1.5,15673,21558000
2770,4,4,20,7.1,2,1.23,27644,17390400
997,2,3,4,2.8,4,2.17,36123,7327100
3426,4,3,29,9.1,1,4.31,31874,19638800
2002,4,1,18,3.4,7,4.23,31123,12765400
2835,3,5,30,19.0,7,2.22,22281,16496100
1277,3,3,9,10.0,5,3.15,11251,8695500
2054,2,1,14,7.0,5,3.74,30289,11658200
1722,4,4,9,15.6,1,1.59,29684,11438200
1219,2,3,26,10.5,2,1.26,13054,6818300
3004,5,5,15,6.9,2,4.87,9716,19404600
3397,2,3,11,16.4,3,3.28,17204,18991900
1920,6,4,17,17.5,6,4.92,22106,13294600
3868,2,3,22,13.8,6,2.02,9310,21665600
1750,6,5,0,1.9,6,3.66,37146,14752800
3136,6,1,15,11.8,4,1.5,25001,19792000
3043,6,5,21,15.5,2,1.68,37312,19699900
3445,5,1,5,3.6,3,2.8,38981,21709500
2657,2,2,2,5.3,5,1.94,23882,16209700
2665,2,5,1,17.8,7,1.25,12257,16611500
3712,5,5,27,1.4,6,1.68,23846,23866400
3653,4,4,1,15.3,5,0.66,30483,22991300
4028,3,3,29,10.0,5,3.67,34558,22763600
4519,2,1,12,9.5,1,2.71,18420,24864300
4028,3,1,8,1.1,4,0.92,21012,24066600
3171,5,4,15,16.6,3,1.27,8468,19876100
3691,4,4,26,7.8,4,0.96,13905,22339300
4556,4,3,4,11.3,1,3.26,20308,27075800
894,4,3,22,13.9,3,0.92,23634,6333600
3474,5,5,27,14.3,3,3.89,36931,21089200
2755,6,2,20,19.2,2,0.59,22801,17137700
1593,6,3,6,11.1,4,1.62,25523,12390100
2634,3,4,12,8.6,4,4.51,17628,16143800
2916,6,3,19,19.1,2,3.73,16728,18003400
4906,6,1,23,13.2,5,0.83,25335,29209400
4125,4,2,28,6.7,1,4.2,32396,23414500
3719,4,5,26,3.4,4,2.72,19005,22890100
3397,3,1,29,17.0,2,4.31,27390,17826300
4005,2,1,25,7.9,7,3.2,36570,22040500
1614,3,2,12,13.5,3,3.57,30459,9603600
1145,3,5,26,9.9,6,4.97,15890,7608100
3149,5,4,25,4.8,7,1.55,34416,20447500
1162,5,5,6,12.4,2,3.31,30336,9525800
3243,3,3,9,2.2,6,2.57,15077,20224100
3065,3,1,14,8.9,5,0.68,33426,18052900
2988,3,3,20,11.4,1,0.57,9971,17367600
3805,6,4,26,9.3,6,1.04,21568,24251700
4081,5,3,5,15.2,5,3.42,9191,25121100
1784,3,5,4,16.7,6,3.05,28304,11977000
2439,4,3,22,15.7,3,2.99,20820,14456700
1627,4,4,27,1.7,3,0.64,15765,11302700
3530,6,4,1,4.7,3,2.61,18254,23822800
4331,6,4,20,11.2,3,4.66,30577,26577300
3735,2,5,14,18.8,2,2.29,11046,21151700
4676,2,4,25,16.9,3,3.31,36975,25587800
926,2,1,15,17.0,7,4.01,19750,4871800
3977,6,4,30,6.8,3,4.03,20703,24513900
3856,6,3,18,9.2,7,2.84,24688,24523200
1403,6,3,8,9.9,2,4.36,30723,10800300
4249,4,3,28,4.0,3,2.26,16043,25018300
4946,6,5,21,1.6,5,4.5,12908,31101000
4333,4,3,28,19.0,5,1.58,35423,24711900
4167,2,5,25,5.6,4,1.76,18627,24165300
4168,2,5,18,5.6,5,0.74,10804,24743200
4597,2,4,6,2.6,1,4.08,18176,26811900
2592,3,1,3,18.6,1,2.38,11936,14718400
3661,3,4,29,12.0,1,1.53,39174,20761900
4276,5,4,2,13.7,2,1.54,25096,26674200
4217,5,5,23,18.3,5,4.56,31232,25215300
2445,5,5,28,7.6,7,4.25,35471,16205500
2005,3,3,19,12.8,1,2.99,17873,11622700
3830,3,3,10,1.7,4,3.27,33909,23153600
3672,5,4,0,4.5,2,2.63,19390,23965400
3872,5,2,5,16.8,4,2.26,16366,23598800
2654,6,2,25,15.6,5,4.62,27589,16400600
4821,5,3,10,7.7,3,1.07,29569,29548100
3508,6,2,26,8.2,4,2.38,33992,21734400
4302,4,3,0,11.1,3,2.05,34563,26238000
2132,3,5,20,1.0,2,2.74,22614,13827200
1001,5,4,6,5.6,4,2.56,37429,9106300
4307,3,1,30,5.0,4,2.84,14506,23997700
1374,3,4,5,5.8,6,1.13,26156,10365400
1336,3,3,13,16.3,2,2.81,36842,8119800
2425,4,3,1,6.3,2,1.59,25458,16155700
2922,2,4,26,4.6,1,1.33,29831,16789400
1185,5,3,3,10.6,5,0.79,37336,9930700
4081,2,2,10,17.4,4,3.93,16783,22455900
1274,2,2,14,5.6,4,2.42,19170,7824600
1217,2,3,17,2.5,7,3.32,29648,8070100
4400,3,3,26,7.8,2,3.77,22609,24801600
1754,6,2,0,15.2,2,3.56,15322,12555800
2005,3,3,30,11.5,5,2.62,20174,11608100
4920,3,3,2,16.5,2,2.25,31035,28435000
2790,2,4,2,19.2,3,2.19,24208,16338200
4372,3,1,30,16.1,3,3.38,10410,23413400
4958,2,2,27,12.5,6,2.73,21636,27116400
3513,6,4,6,10.4,3,4.32,17039,22875100
3003,5,1,0,1.8,3,4.44,22990,19457700
3920,2,3,24,19.7,5,1.27,14441,21428600
1766,6,3,10,8.3,4,1.11,16685,13398800
4232,5,4,5,3.9,3,3.34,33121,26852200
1488,4,3,19,13.7,6,1.86,39023,9951800
4501,2,5,2,6.4,2,0.58,21778,27037900
1141,2,4,30,12.1,3,4.5,21191,6088500
2524,4,1,18,12.1,6,1.52,34862,15252600
2592,4,4,1,9.5,5,4.68,35273,17079400
2559,2,2,17,16.9,7,3.73,36413,14093900
4012,4,4,29,6.0,7,3.93,17732,24024400
1789,3,3,11,9.5,7,1.41,33459,11855300
3062,5,3,28,11.2,2,1.55,39919,18571000
3282,5,5,9,13.6,6,2.85,11956,21407000
1751,5,5,4,15.9,3,1.27,14553,12965100
1522,3,5,8,8.5,4,1.87,31253,10851600
4189,4,1,1,13.3,2,1.95,31915,24724500
2879,6,5,1,3.9,2,1.22,27478,20665100
3517,4,1,27,18.7,7,1.42,10365,19914100
3132,2,5,5,8.3,4,4.05,14668,19009000
4176,5,1,28,14.9,7,1.25,13000,24375000
2300,4,4,30,1.4,2,0.63,32304,14776400
1085,6,4,9,4.9,3,3.33,27731,9874900
4295,2,3,17,10.3,7,4.89,35647,24264700
2865,3,1,11,17.7,7,1.99,11675,16529700
1568,3,2,3,11.0,7,1.03,20907,10680400
3857,6,3,21,18.7,2,3.07,25336,23186100
2961,2,4,20,10.2,3,4.58,27684,16721900
4093,5,1,16,10.3,4,4.03,36311,24206900
1746,4,5,14,3.3,1,3.3,27563,12276000
4135,2,2,5,16.3,4,1.92,23136,23321100
4950,3,4,15,5.7,3,2.94,19155,29023200
2281,6,3,16,18.1,5,0.91,20219,15369300
2701,6,1,2,18.3,7,3.56,11247,17647300
4251,4,2,9,18.9,4,3.76,12415,24556300
4864,6,1,4,10.9,5,4.84,27741,29608200
854,6,5,13,13.9,5,1.67,37547,8473600
2623,2,3,25,15.8,3,0.58,14472,14400900
4262,5,1,28,3.5,3,2.96,30380,25040800
3879,4,4,20,12.4,7,3.68,12848,23324900
1632,2,3,12,1.7,1,4.06,35280,9969800
3606,5,4,25,10.5,6,1.37,29859,22483600
3290,2,1,5,3.9,2,1.68,9037,19070400
1127,2,3,30,4.5,4,2.81,23634,6546300
4110,6,4,11,7.9,3,1.99,16262,26363200
4100,5,5,25,9.2,4,4.37,19066,25031600
4475,4,5,7,12.8,6,2.63,23554,27550900
3854,4,1,4,2.4,6,4.1,15008,23637000
2943,5,3,29,10.6,7,3.11,30315,18221300
2111,6,2,14,4.5,5,3.98,23263,14817900
3991,3,3,26,11.9,7,2.0,24238,22977500
3338,2,5,15,13.1,2,4.24,13642,19083200
4783,6,4,0,11.6,1,1.74,24489,30185700
964,5,2,15,15.0,4,2.96,25153,7146800
1622,2,1,4,7.4,2,1.46,34585,9727800
1743,4,2,2,15.5,1,2.64,27324,11184700
1574,3,1,19,9.2,4,1.93,22531,9331400
2998,4,2,14,10.2,2,1.7,18384,18071000
3956,5,1,30,13.3,3,4.85,24336,22345000
4495,2,1,12,1.3,4,1.22,32283,25785100
4252,5,2,23,13.4,2,4.04,21661,24613200
1714,2,2,15,12.8,6,4.93,19687,9589400
2108,6,1,22,6.9,1,0.59,30998,13940200
4977,3,5,10,2.6,2,3.65,30189,29753500
1313,6,2,20,2.7,3,1.64,36887,10335700
2720,6,3,1,18.5,7,0.68,21404,18733400
4394,5,4,21,14.1,4,2.31,12355,26452800
2209,3,1,26,3.4,4,4.71,8933,12546300
3990,2,1,5,7.8,4,0.55,16766,22983000
2355,2,4,25,12.3,3,3.15,30044,13163500
1604,4,5,25,16.9,1,2.76,13906,10057800
2079,2,4,29,1.8,4,4.43,36506,12126900
4377,5,2,26,5.5,1,0.88,20572,25982900
3701,6,4,5,17.9,2,3.57,20279,23424100
2187,6,1,13,1.2,6,3.56,18723,15367300
3561,6,4,24,4.8,6,3.51,30434,23028300
3479,3,3,10,19.2,1,4.74,18611,19521700
2906,2,2,7,12.7,1,4.2,16261,16140000
3568,5,4,7,6.0,6,0.69,12474,23571200
4753,3,1,0,2.3,4,2.62,33878,28166100
3986,4,2,20,1.5,5,2.29,36390,24043200
4080,5,1,6,5.7,5,1.9,34925,25313000
3373,5,5,5,17.7,3,2.53,24638,21558900
3399,5,3,20,8.9,7,2.23,34283,21403900
4833,6,5,7,14.7,6,2.45,31471,30608500
1036,5,3,18,18.4,6,4.91,12787,7420800
2104,2,4,21,8.8,3,0.9,21575,12498000
4230,5,2,30,4.6,5,4.65,15862,24985000
2101,6,4,20,10.8,2,2.66,33409,14480300
3341,5,3,23,18.3,4,3.31,18956,19847300
2851,4,3,19,16.3,4,4.24,18663,16780700
1241,4,3,7,2.3,2,2.12,24120,9560100
2876,6,1,25,14.2,2,2.44,30740,17381200
3980,2,2,13,11.9,5,2.34,11742,22426200
3457,2,4,30,18.2,3,2.19,10035,18676700
4598,3,4,17,3.3,2,4.66,9967,26848800
1604,6,5,24,11.1,3,4.23,32675,11737400
874,5,3,28,17.7,7,0.99,9852,6649200
2975,6,3,15,8.8,1,0.99,27567,19477700
4724,3,3,8,10.2,4,2.43,18547,27676400
2889,6,4,14,2.3,5,0.94,39397,20215700
840,6,5,29,6.3,4,3.29,14618,7834200
2881,3,1,25,7.2,5,1.15,21859,16553500
2422,2,2,9,19.0,1,2.85,16303,13099000
1141,5,1,28,6.4,4,0.53,19350,8063900
4852,3,4,21,9.8,1,1.92,24566,27819600
2874,4,3,15,13.8,5,3.55,31124,17465000
1445,2,2,3,4.1,2,2.68,36428,9188900
1409,4,4,19,10.2,7,4.9,8164,9797500
1254,2,4,12,15.0,4,4.43,14958,7515400
3753,5,4,21,17.5,1,2.12,10137,22412100
2508,5,2,4,12.9,6,0.7,18215,16807000
4272,6,2,21,13.7,4,4.31,24838,25569800
3769,4,5,6,3.4,4,4.6,26669,23939500
3828,2,5,22,19.0,4,4.19,38694,21221200
3481,5,1,8,3.5,3,1.08,39253,21970900
4429,3,2,7,15.7,1,4.99,32230,24811700
3867,5,2,28,6.0,1,1.66,29206,22949300
2186,3,2,15,18.7,4,3.76,38777,12312800
4576,2,5,5,14.7,2,4.59,24925,26238200
3666,5,4,27,15.3,4,1.56,14033,22154800
4163,5,3,15,5.2,3,4.59,37693,25431700
4924,2,5,5,9.4,5,1.89,10665,29147200
948,5,2,30,12.7,3,4.89,35025,6138200
4650,3,5,13,15.6,2,1.77,31533,27120600
2858,5,1,20,3.0,4,4.79,21129,17634200
1936,4,2,0,19.3,1,0.74,30182,12308200
986,6,1,24,17.9,7,3.69,20125,7127200
3654,3,2,8,6.1,6,2.89,30169,21923200
2050,4,5,24,16.6,4,2.65,35462,12895000
2133,2,4,30,10.8,2,1.51,28998,11894300
4993,3,3,26,9.8,1,3.68,28676,27833900
4950,6,1,23,7.0,3,1.36,36480,29621800
3511,6,5,12,12.0,5,2.99,14189,23111700
2585,2,4,25,14.9,5,1.64,31057,14627700
1550,2,5,28,8.8,7,4.8,21708,9333000
2562,3,1,18,13.0,4,0.63,26072,14705400
4720,5,3,16,14.3,3,1.4,13095,28191000
1281,2,5,10,14.5,7,1.59,39495,8739700
953,5,2,27,2.0,6,2.36,22409,7668300
2324,4,4,27,17.3,6,1.55,15583,14235000
2920,6,5,7,9.7,7,2.71,32208,20505800
3143,5,4,22,6.0,2,4.43,9637,19634900
2040,6,2,28,5.6,5,3.7,22670,13684000
860,5,3,4,10.2,3,3.11,13966,7642800
1738,4,3,9,17.8,4,0.9,37304,11455000
2439,2,2,6,8.2,1,3.62,39407,14006100
4920,4,4,9,15.2,4,1.25,12670,29396000
4369,2,5,3,2.8,4,4.04,39015,26298700
2052,2,2,8,10.0,3,1.63,36658,12090400
971,6,1,26,19.8,5,2.38,13203,6768900
2258,4,4,25,15.6,3,2.08,29518,13727400
4349,5,3,13,5.0,1,4.36,26274,26396300
4997,4,2,1,10.5,7,1.07,27589,30270100
3122,6,3,24,5.4,3,3.05,16669,20027000
2436,2,4,8,8.8,2,1.14,22968,14845200
3915,6,3,20,15.8,4,3.67,10366,23886100
4890,3,2,26,15.7,5,4.57,31943,26847600
3804,3,4,0,5.3,6,2.46,26910,23855800
1129,5,1,22,18.5,1,2.7,32191,6890500
4440,6,2,9,12.3,6,4.67,39087,27348600
4694,5,5,9,8.2,4,2.84,8366,29352200
4907,5,2,19,10.5,3,2.69,23647,28880700
2141,3,4,24,12.5,6,3.1,34412,12928500
4463,5,2,21,11.6,2,3.6,30905,26052500
1015,3,1,28,10.2,3,0.98,17907,5750900
1138,2,1,2,10.6,4,4.19,14606,6814200
4862,6,5,5,4.4,6,2.46,38289,31587800
3508,5,3,28,16.4,7,0.83,8012,21246400
3952,3,4,25,11.3,1,4.04,33111,22310200
2550,4,4,5,3.5,6,2.2,27623,17466000
3221,5,3,20,15.6,7,0.95,10317,20109500
1509,2,1,1,18.7,7,3.35,28426,8738500
4526,2,1,25,19.0,6,4.46,23429,23877800
4442,4,2,25,8.0,5,4.49,15485,25582200
4793,3,5,17,3.6,6,4.81,24759,28582300
1288,5,5,22,10.8,4,4.4,39832,9600000
846,3,5,1,3.1,7,0.51,34300,8324800
4159,2,2,11,18.7,1,2.21,8256,22650300
1200,3,5,21,4.5,4,4.18,34840,8433400
4790,2,3,4,5.8,2,2.15,24833,27781000
3957,3,2,19,8.7,3,3.21,33469,22519300
1190,4,3,6,8.3,6,3.23,23903,9176400
4653,6,2,23,16.1,5,2.14,11212,27757700
1428,4,5,15,9.7,1,4.57,33760,9876600
3730,4,3,19,4.2,5,2.76,14175,22739800
2321,6,3,0,6.1,5,2.59,30327,17027700
1626,6,3,0,10.7,5,4.99,35799,12595200
2300,5,2,16,3.8,6,2.72,32410,15457600
4094,5,4,26,12.6,1,1.3,21571,24479000
3219,4,5,0,11.7,1,2.81,24087,20548300
1734,4,3,20,14.6,7,4.16,15446,11015800
3842,2,4,19,18.8,5,4.0,25692,21285000
2266,2,5,12,18.3,7,4.05,37281,13496000
4361,5,5,29,19.0,7,3.69,33492,25962700
1414,5,3,8,5.6,3,1.64,22877,10988200
1982,2,3,14,3.5,6,4.38,38297,12130400
4023,2,2,2,6.7,6,4.52,32723,23415100
3467,3,4,13,18.0,4,1.37,20943,20394100
930,3,4,22,19.5,7,1.09,18306,6219200
3783,2,3,10,17.3,6,4.89,12016,21208700
838,3,5,23,3.1,5,4.41,28324,6512800
4759,6,3,21,19.0,2,4.52,31097,27952100
4387,5,5,11,9.0,5,4.49,28455,27409700
1720,5,5,12,1.2,1,2.94,32491,13023200
3569,2,3,25,9.4,6,3.41,13912,20012300
4911,4,1,12,1.9,6,2.95,37974,29223500
1292,2,4,0,11.3,4,0.73,35371,9027400
1931,3,5,23,7.4,7,3.85,8442,12490500
4321,4,5,30,10.0,2,2.77,10944,25333100
1110,3,1,9,12.7,6,3.41,11936,7056800
1538,6,2,2,17.5,4,2.76,8398,11402800
4041,3,1,23,13.6,4,2.71,33727,22298300
1345,6,1,27,9.2,2,1.27,23696,9351100
3261,6,5,3,16.6,5,1.75,39201,22013500
2604,3,4,15,18.2,5,1.21,36368,15652800
4012,3,1,7,3.3,5,1.38,10995,23919400
4610,6,2,15,11.1,3,4.88,14329,27742400
1613,4,3,26,6.4,7,1.19,10216,10980700
4924,6,1,16,1.9,7,1.71,26091,30543800
2832,5,1,18,13.7,5,3.16,19523,17137800
1044,6,2,21,17.4,2,3.25,34563,7484000
1071,4,4,14,4.1,3,1.19,30150,8660700
4311,5,1,15,16.4,7,4.07,30061,25324100
2571,2,1,14,17.2,5,4.03,37178,13752900
2062,2,4,24,18.4,3,1.57,10568,11364600
3224,4,2,1,6.0,2,1.8,32022,20246000
1720,6,1,10,18.2,5,4.72,8160,11519600
4230,3,4,0,7.1,1,4.22,23648,25361600
3424,4,1,14,11.5,6,3.64,37011,20190200
4560,5,3,25,2.0,2,0.87,16067,27685600
2850,5,5,18,1.8,4,2.38,11904,19263400
4300,2,3,3,14.7,4,3.02,11573,24608600
1965,5,1,10,9.4,2,1.34,35753,12988700
1175,4,2,4,5.9,4,2.52,9825,8947100
2833,5,5,2,4.6,7,3.2,21786,19975500
945,4,3,12,13.7,2,1.97,36500,6902100
1231,3,4,9,1.0,1,4.01,17815,8869300
1504,2,2,10,16.3,2,4.28,29966,8117400
3432,5,3,17,2.5,5,1.96,21794,22015800
1763,4,4,1,4.6,5,4.27,39423,12912100
3034,6,1,6,8.3,3,0.97,9176,19889600
2841,2,4,8,10.2,4,4.27,29302,16799100
2628,3,3,9,7.7,6,1.19,36296,16622200
2908,4,3,17,7.1,4,0.87,29264,18242600
4868,3,1,22,19.3,7,3.39,27604,26716200
1738,3,4,6,13.2,2,2.62,35835,11220600
1606,5,4,26,1.4,6,4.59,15820,11684200
2263,5,1,6,9.2,6,2.13,24514,15146900
4215,4,4,2,17.6,4,1.79,38147,25635700
810,6,1,11,6.7,6,2.75,31043,7606000
2668,4,2,6,2.8,6,2.55,27946,17472000
1684,6,3,16,15.4,5,2.05,9499,12138000
4364,3,2,25,12.5,1,3.62,31814,23942600
2189,2,5,0,11.8,2,3.92,32089,13643100
4201,4,5,4,2.0,4,4.34,15626,26544700
1624,4,5,15,3.7,5,4.88,31063,11737400
3065,6,1,14,12.8,7,1.7,24137,19657500
1736,3,4,1,4.9,7,3.72,27172,12408600
3600,3,2,8,10.6,3,2.27,29260,21085600
3353,6,2,30,11.4,6,3.55,11708,20517500
4645,3,2,6,6.4,6,2.64,34283,27482700
2596,5,2,3,19.0,4,4.97,9769,16201600
853,2,5,19,17.0,1,3.78,17510,4897900
1526,4,2,17,14.7,1,4.79,22226,9039200
3536,2,4,20,2.5,4,4.26,38130,20561800
3970,4,5,3,3.0,4,4.56,23634,25227800
2713,5,2,27,10.4,5,4.16,14731,16444300
2396,3,1,12,4.1,7,2.57,35955,14782600
2714,6,3,0,19.6,4,1.63,18965,18259400
3266,5,3,27,4.0,7,2.17,35566,20672600
3537,2,3,23,10.3,3,0.59,27428,19911700
1649,6,5,2,7.9,7,2.86,8375,13873300
2909,3,2,15,13.1,5,2.77,23517,16900100
802,5,5,29,3.5,6,2.86,30731,7472800
4869,6,4,21,9.2,6,4.88,27420,29899900
1692,5,1,3,6.2,7,4.6,33236,12170000
2830,5,1,24,17.9,6,1.23,14218,16864400
3960,3,3,22,1.8,6,2.16,33979,23594800
3176,4,3,24,18.4,2,2.41,25124,18190800
2733,6,3,15,16.8,3,2.12,16495,17651100
2180,3,2,25,6.7,5,4.09,9085,12680200
4481,5,4,18,16.0,5,2.86,39289,26982300
2090,3,4,0,1.6,6,3.07,21073,14614600
2440,4,4,4,19.4,1,4.34,19371,15041200
3482,6,4,18,11.0,5,4.13,25594,22285400
1787,4,3,21,6.8,3,1.09,19226,11771700
2018,2,1,23,7.9,4,3.71,32804,10850800
2155,6,3,10,2.3,3,2.46,27503,15696300
4935,4,4,12,19.8,6,1.83,18046,29136900
2360,5,3,19,1.7,6,0.73,24651,16323400
2218,6,4,4,13.4,2,2.69,27158,15738200
1754,6,5,20,9.4,7,2.1,19041,13537000
1783,3,1,3,19.0,5,1.63,12349,10730900
1774,5,5,3,5.7,7,3.63,39676,13972400
4933,2,2,3,11.1,7,3.96,12965,28229300
4772,4,3,3,10.2,5,1.6,34710,28990000
1713,3,2,19,14.4,5,0.72,21492,10277100
836,4,3,20,2.3,6,4.32,21336,6818600
4187,2,5,17,4.7,5,0.54,32509,24984700
2511,2,4,17,5.1,1,4.72,27843,14537100
3820,6,4,15,15.0,1,3.32,34845,23711600
1595,2,3,8,4.6,4,1.95,25373,10316500
4836,4,4,17,11.9,5,1.61,20684,28821800
3911,5,5,21,5.1,2,0.54,25321,24738700
2124,5,4,1,17.4,4,1.56,14654,14826800
1117,6,5,20,18.9,6,1.12,39280,9386100
3196,4,2,3,10.9,5,3.25,31373,19775000
2962,4,5,11,7.7,1,1.25,33015,19052000
3545,2,1,6,5.4,2,2.88,15342,20173900
2391,4,1,14,1.9,4,3.16,30407,15038300
3911,3,1,6,6.1,2,1.84,10358,22862700
4730,2,3,28,13.4,5,0.66,34583,26197800
2796,3,3,21,11.1,3,0.67,27729,16470600
2112,6,3,25,18.9,2,0.62,36706,13668600
2085,5,5,20,8.5,2,3.83,14360,14112900
3183,6,3,16,14.2,6,1.93,29200,20580900
4039,5,2,15,10.3,1,4.08,11743,23953900
2939,6,1,27,10.7,5,2.44,15159,18172700
2504,4,5,30,6.1,2,2.54,8518,15640200
1162,3,1,18,9.6,5,2.81,24652,7081800
3404,5,3,8,9.9,1,3.71,20925,21183800
2516,2,5,30,14.4,6,1.73,22810,14422400
4538,3,4,13,18.9,5,1.05,24239,26360000
3269,2,2,16,7.3,7,3.0,29828,18808500
1356,3,3,4,1.8,1,1.97,13475,9695600
1625,3,3,1,10.4,1,2.49,12185,10660700
3608,6,2,19,11.3,4,3.41,13161,22293800
3519,5,2,15,4.2,6,2.72,17580,22184100
4308,5,4,13,15.4,6,3.29,17886,26371200
4541,3,3,13,19.7,7,2.95,19465,25992500
2374,4,3,26,19.0,5,3.83,33965,13767400
4798,4,1,0,4.7,3,3.68,28249,28618400
2929,2,5,2,17.6,7,2.9,19221,17829500
3203,2,5,25,14.4,4,3.56,32395,18031300
4129,6,1,6,9.6,6,4.43,10335,25705900
1388,3,5,25,11.3,1,2.45,11674,8699000
2812,2,2,14,17.1,6,2.36,12576,15685800
2347,2,5,18,10.1,7,3.94,22972,14228700
1094,3,5,19,8.1,3,3.12,8500,7725600
2785,6,1,1,10.4,2,0.82,34237,18541100
3917,2,4,18,12.0,2,4.51,34675,21862300
2490,6,5,8,4.6,6,0.64,16083,18596200
1936,5,5,18,18.1,6,3.87,16294,13116600
2864,6,4,26,13.8,4,3.91,23720,18216800
1807,4,1,4,13.0,6,4.79,13543,11553700
3314,4,4,17,2.9,3,0.74,27130,20985200
4326,6,1,15,12.5,6,3.19,11276,26285200
2047,4,2,3,3.3,5,2.43,27469,14085900
4702,5,1,11,2.5,7,1.99,38635,28897200
2235,3,2,28,11.0,3,0.91,30119,12713300
1371,4,2,6,8.7,4,3.03,32180,9667900
3182,4,1,13,12.2,5,2.66,14613,18877800
2045,6,3,22,2.7,5,0.97,19729,14842100
2884,5,1,11,9.2,7,3.26,9327,18276800
1077,3,5,2,4.3,2,3.82,15772,8564100
2687,6,5,4,19.8,3,3.95,18666,18118500
2065,6,3,16,11.7,7,4.57,34255,14390100
1840,5,2,25,14.1,5,2.34,38829,11702200
1717,3,3,9,7.2,4,4.79,28130,11014700
1685,5,5,9,2.8,7,4.39,30068,13294700
3552,3,3,10,19.5,2,1.83,24289,20351400
821,5,1,16,6.4,5,1.22,26946,6921100
3991,6,3,4,9.1,7,2.46,28547,26018300
3153,6,2,12,13.3,3,2.31,27701,20033300
1486,2,1,9,1.5,2,3.09,26820,8947200
1084,4,4,8,16.4,3,3.13,13769,7938400
4547,5,5,16,11.2,3,3.87,32883,27760100
1562,2,5,0,6.3,3,2.79,36572,10815200
3228,4,3,3,2.2,7,0.97,21663,21333600
3307,5,1,3,4.1,2,4.36,13918,20728300
828,3,4,17,18.0,7,1.89,25473,5917200
1706,4,1,8,14.0,7,4.87,12555,10818600
3904,6,5,29,5.7,7,1.03,10394,25299400
4799,2,1,24,2.2,5,4.81,30852,26463300
3794,4,4,28,14.1,6,0.91,28388,22570800
3306,4,3,28,11.9,1,1.54,8666,19165200
4409,6,2,17,8.7,5,0.71,30102,27405300
4353,5,1,13,7.9,2,3.67,29536,25798100
2253,3,2,24,5.1,1,4.33,20355,12814900
4156,6,5,14,13.7,1,2.45,10234,26105000
1315,3,3,5,19.4,1,4.68,14335,7862900
838,5,3,23,4.3,6,3.16,25620,7278800
4142,4,1,9,12.3,7,3.34,26007,24469200
1686,3,3,28,9.1,4,4.3,39147,9820000
3644,2,1,14,9.5,2,1.84,25758,20156200
3004,2,1,28,5.8,6,2.09,31659,16565200
1898,6,2,3,16.7,6,4.58,19503,13370400
2623,5,3,17,10.2,4,4.55,14359,16616500
4001,6,1,17,11.3,1,4.89,24560,23777700
3955,6,2,24,6.8,7,4.56,21876,24429300
3893,6,4,16,4.5,4,1.07,33929,25368100
4330,2,2,11,2.6,4,4.21,31088,24777800
4578,2,2,6,14.6,6,2.34,10928,25976200
3696,6,1,15,4.7,2,4.96,33201,22753800
4253,2,5,10,14.1,3,2.63,15617,24588900
4311,5,5,13,8.4,7,2.99,35230,27313700
1788,6,5,2,8.9,4,2.88,15614,14265400
4916,2,2,18,9.9,7,1.95,36184,27711000
4826,3,1,17,8.0,4,0.84,28099,27532200
4979,6,3,29,2.9,1,4.53,12274,29787900
2482,6,2,9,6.9,7,4.11,32970,17124800
4763,5,2,5,13.6,1,1.13,33744,28558900
1733,4,1,12,13.6,6,4.0,12971,10799500
4398,4,4,9,6.4,1,3.32,37633,26592600
4033,5,2,17,9.7,7,2.34,16389,24671700
2780,5,4,25,4.7,5,1.64,25352,18214200
2655,5,4,30,5.0,7,4.37,36484,17128100
3856,4,5,19,1.4,4,3.65,27539,24022000
1592,5,1,25,18.0,1,2.96,29148,9290800
1591,2,4,15,5.0,2,3.24,39828,9861700
2609,6,1,24,5.3,5,0.91,10504,17069300
3055,6,5,24,6.3,6,2.63,32027,20545900
4410,3,1,5,3.4,3,1.37,33852,26002600
2407,3,2,12,13.1,4,1.44,14006,14348700
1784,6,4,3,2.4,4,3.48,36743,14276400
4476,2,1,22,3.5,2,4.6,36894,24421000
4180,4,3,13,13.3,3,2.32,38995,24730600
1319,4,1,0,7.5,3,1.43,32346,9557900
1390,2,4,27,14.5,6,3.42,15943,7869600
1850,4,5,19,11.6,6,4.42,25653,12382600
4433,5,5,4,5.9,5,3.87,25748,28304100
1759,6,4,7,13.4,4,4.41,31100,13057300
1492,6,2,11,3.2,1,2.91,8923,11382800
4699,2,2,1,11.2,6,3.88,24854,26944900
3746,4,5,11,9.3,2,1.13,30981,23366400
1326,3,5,4,6.1,2,2.07,35592,9917600
4024,3,4,21,12.5,2,2.25,18246,23137000
3053,4,2,4,17.6,7,2.8,20475,18723500
4144,3,5,30,20.0,6,4.68,34627,23230400
4765,2,2,12,12.5,6,4.43,38340,26600900
2675,2,5,8,8.7,2,1.11,27338,16470300
2563,4,1,9,5.3,6,1.28,25532,16421900
1320,3,3,0,5.9,7,2.11,11086,9993800
1816,2,1,29,10.1,1,1.81,33535,9213800
916,2,5,2,8.0,1,3.27,22860,6785600
3233,5,3,29,18.4,5,4.56,25013,18896300
1383,5,3,17,8.0,4,4.83,15407,9916900
1194,2,5,11,8.1,1,3.44,8774,7837200
4588,4,5,28,8.3,5,4.27,32935,27140600
3568,6,2,2,16.9,3,2.86,16709,22497800
4967,6,5,25,13.4,4,1.44,24311,30457700
4660,2,4,24,12.7,1,2.86,9343,25697800
1073,2,5,28,7.3,7,3.0,31782,7030500
2813,2,4,29,16.5,3,3.84,18161,15105700
2189,4,5,8,1.7,5,1.49,31581,15741700
4366,5,2,25,17.5,1,2.16,29400,24978800
965,2,4,1,10.7,1,2.14,19419,6751700
2367,2,1,29,8.6,6,4.82,15797,12488100
1528,3,4,2,10.4,3,2.5,27283,10576000
2843,4,2,13,13.7,1,3.9,8934,16659500
4997,2,4,3,1.2,2,3.88,9986,29383900
4296,3,5,24,17.6,7,1.69,29380,24993200
1578,6,5,18,9.5,6,3.07,22016,12445600
1013,2,2,12,7.5,6,4.52,30926,6304100
4562,2,3,6,3.6,1,2.64,13465,26422200
2376,3,5,11,9.3,7,4.75,37890,15297000
3248,4,1,2,10.4,6,1.47,30695,20159600
3736,2,2,22,8.7,4,0.83,32952,20939400
3917,6,4,22,13.9,3,4.51,36136,24029300
1391,2,4,8,9.0,4,4.31,17966,8903300
3520,6,1,1,19.3,5,4.97,23721,21762600
1513,5,5,28,12.4,4,3.56,9505,10526300
1735,5,2,21,16.3,7,4.72,13363,11085100
801,6,1,8,3.1,2,4.22,23940,7382100
3648,4,5,11,8.5,6,4.3,18846,22903000
4844,2,2,30,7.4,7,3.06,9010,26756800
2749,2,4,11,11.8,6,2.22,22924,16477100
1717,5,2,14,17.4,2,4.71,21482,10760300
3974,6,3,1,2.5,6,2.44,27861,26439200
3041,2,2,17,2.4,4,2.92,32125,17557100
889,2,3,12,17.2,5,2.51,33806,5384300
2509,4,2,13,5.0,1,3.04,17369,15534700
2969,3,3,4,13.7,2,2.62,11857,17756100
3841,5,4,25,11.3,4,0.72,34671,23598100
905,5,5,9,16.8,7,4.47,17864,8015100
1686,3,3,11,3.4,4,2.5,39744,11285000
1227,2,3,9,3.5,4,3.15,18120,8175500
2695,4,4,23,11.6,1,1.13,28223,16424900
1116,4,3,10,19.0,3,0.52,19370,7845600
1434,5,1,30,8.9,6,1.6,28652,9472000
2725,4,4,24,7.2,6,3.67,10553,17043100
2856,3,1,1,12.5,7,0.95,23489,17469000
3944,2,4,4,18.7,5,4.59,35021,22532200
3070,3,3,29,16.9,7,1.47,12389,17475600
2239,6,1,6,19.9,3,1.42,24935,14651100
1352,5,3,30,1.4,6,1.32,29950,10179600
1515,4,4,5,3.1,5,0.56,19089,11898300
4711,6,3,21,12.6,7,3.97,17231,28702100
2513,4,1,22,16.6,5,4.44,30142,14226700
4189,2,1,2,6.4,4,3.26,33460,24000300
1907,2,3,12,5.5,2,1.35,38044,11641500
1050,2,2,2,16.0,4,1.78,11051,6541400
3230,4,4,25,2.1,1,2.64,13322,19751200
2854,6,4,24,8.0,6,4.79,36805,18762200
1258,2,3,29,10.6,5,1.61,37442,7133800
1007,6,2,23,11.6,7,3.79,19789,8021700
1699,4,1,20,14.8,2,2.48,10555,9910900
4261,6,5,5,7.7,7,1.84,25473,28225700
4185,4,5,10,12.6,6,2.55,20767,25829500
821,4,3,27,12.1,5,0.82,37534,6020100
1209,5,2,25,11.4,5,4.09,8458,8210700
1694,4,2,16,13.2,4,1.59,23701,10802200
1314,4,4,9,5.9,2,3.76,24066,9712800
4909,3,1,11,2.6,2,0.81,12721,28470300
2934,2,2,16,3.3,6,4.8,20446,16930000
4395,5,5,3,5.3,5,1.37,14304,28487100
3756,5,1,1,10.5,2,4.47,21565,22836600
2360,5,1,10,17.0,2,4.14,18199,14293200
2066,3,3,6,14.3,7,4.86,9920,12878800
2969,4,2,1,16.0,6,2.65,21227,18441500
4438,2,3,25,7.7,4,3.77,15694,24667600
1549,6,2,17,8.7,7,2.17,30052,11700100
4227,4,4,20,8.5,7,1.33,14298,25793900
2727,3,3,3,4.6,3,2.49,14629,17227700
4604,4,3,7,2.2,1,1.25,20719,28068000
4502,4,5,19,12.2,3,4.92,13146,26566600
3156,3,3,13,19.8,2,0.93,25387,18110400
3135,5,2,11,4.2,5,3.15,27467,20120500
1106,5,5,21,1.9,1,3.32,18306,9101600
4465,2,3,20,15.8,1,2.92,10589,24301100
2789,2,3,26,5.8,5,3.48,34719,15815900
1461,5,4,29,16.8,1,1.02,12310,9587100
1111,6,3,17,14.4,5,3.0,10241,8892500
3720,4,1,10,19.0,1,1.79,30150,21215200
1882,6,5,30,8.8,7,4.73,21601,13467400
3771,4,1,28,13.6,6,3.93,15711,21216900
1554,5,5,27,9.8,6,4.88,29364,11025400
4930,2,4,29,13.0,3,0.67,34662,27374600
1152,2,3,7,9.5,7,1.78,38559,7907400
1702,6,3,1,4.6,1,1.38,8938,13423400
4688,2,3,24,10.7,4,0.55,37610,26269000
958,5,5,14,11.0,5,1.59,12301,8608200
2777,6,3,8,16.4,7,3.55,11970,18499500
1756,4,1,18,15.0,1,1.54,37613,10323200
2871,2,3,19,13.6,6,2.79,11999,16253700
1203,3,4,7,3.2,6,4.5,29034,9102500
3579,2,1,24,14.7,5,3.62,31011,19021100
2187,4,3,18,10.5,4,2.28,11408,13819900
4253,6,3,4,18.0,1,2.18,21807,26269900
1755,4,2,10,18.5,1,2.55,16962,10651500
2512,3,5,14,2.0,4,1.3,24632,16520000
2073,5,1,7,16.6,4,3.35,21385,13187500
4611,2,2,18,1.7,4,2.14,32948,26284700
3425,6,4,22,8.0,6,4.34,13950,22056700
3182,5,5,26,11.3,5,3.9,10926,19942000
2241,4,1,7,3.8,7,3.25,15975,14719500
3779,6,3,25,15.2,4,2.14,28241,23113700
2597,5,1,26,1.2,5,1.44,29314,16526700
4809,6,3,29,4.2,3,3.99,31398,29026700
2194,3,5,18,12.0,1,2.69,33277,13404200
2069,3,3,17,14.6,1,1.51,34761,12126300
4514,2,4,9,18.4,2,1.38,39667,25523400
1329,2,3,28,14.4,3,1.24,39176,7152700
4423,3,4,6,13.8,7,4.0,39533,26280500
3758,6,5,27,8.5,4,1.53,14966,24040400
3714,3,5,8,1.0,4,2.87,17133,23312600
4391,2,1,0,3.3,7,2.53,36490,25815900
2947,3,4,18,11.2,6,3.11,14587,17751300
4169,3,4,4,13.8,3,4.45,30880,24529500
1739,6,2,18,8.9,4,4.4,13091,12113500
1325,5,2,0,14.9,2,2.53,16985,9740900
801,2,2,14,10.9,5,0.57,39130,5174100
1174,6,3,15,2.4,1,2.42,25061,9848600
3140,3,2,22,4.6,3,3.23,30293,18160400
4805,3,4,6,17.0,1,3.01,9561,27676300
3852,5,3,25,14.8,5,3.43,28437,22888400
3165,2,5,11,18.0,3,1.19,16644,18454700
2325,2,1,7,3.2,5,3.41,35042,13804300
2446,4,2,4,19.8,4,1.32,22785,15108600
813,2,5,9,5.0,7,3.88,39714,6605900
3078,5,4,27,1.2,4,2.03,11656,19851400
3955,4,1,20,20.0,7,3.69,29618,22309700
929,4,5,4,6.3,4,0.72,28530,8682100
4614,3,1,16,13.7,5,2.34,29872,25937200
4016,3,2,25,4.4,5,3.67,32465,22989600
3738,2,4,4,12.0,5,1.52,36330,22236600
4728,4,1,21,18.2,1,4.08,24139,25990400
2840,3,5,14,7.1,5,3.34,38210,17822200
827,5,2,12,13.7,4,3.14,8209,6612700
2913,3,2,27,4.6,2,2.09,12983,16698700
2052,3,5,0,12.9,5,2.67,15141,13862600
2846,4,5,10,7.4,2,3.19,18118,18352200
4823,4,1,22,5.0,7,2.63,39712,28160900
4174,6,3,0,7.0,4,3.64,24261,26930200
4266,5,2,10,4.4,5,2.45,29329,26461000
3881,4,1,17,18.1,1,1.41,32364,21859300
4578,2,5,17,8.5,1,1.46,11966,26358800
1429,5,1,20,5.7,7,0.53,18069,10396900
1069,5,5,29,9.5,2,1.85,16818,8242500
3439,4,4,25,7.1,6,3.87,18918,20903100
2793,5,5,15,15.1,1,4.07,17650,17666100
3691,4,5,12,19.5,1,1.41,27208,22166300
4232,3,5,6,9.3,1,4.82,9250,25146600
2080,6,3,0,17.4,4,2.76,12758,14790800
3160,3,5,25,11.8,1,4.63,12363,18148400
1375,4,2,15,4.0,3,3.68,10163,9390900
2107,4,2,0,14.1,5,3.75,17815,13651500
3992,3,1,16,10.8,7,0.88,9853,23094400
3978,2,3,5,13.4,1,1.49,25137,22712200
3534,2,1,1,17.9,6,0.54,29832,20169200
3012,2,2,16,9.4,6,3.72,9868,17061600
3152,4,2,5,18.1,1,2.05,37735,18673000
4368,5,4,13,15.3,1,4.04,24565,26118200
2455,4,5,17,10.3,3,2.03,25897,15887900
2379,5,2,5,12.5,1,4.19,23568,15156700
3003,3,1,9,7.2,1,1.09,17094,17631700
2190,6,1,23,19.7,5,1.28,27728,13762400
2542,5,5,17,13.7,6,2.03,13238,17028400
2725,2,5,26,1.8,3,2.34,36029,16280700
1419,4,4,8,7.2,6,2.07,15089,10852100
2074,3,3,7,12.8,3,3.94,36183,12688200
1756,2,1,27,2.1,6,0.94,30785,10148200
2739,3,5,9,1.5,1,2.08,38178,17659900
4753,6,1,16,9.6,6,4.27,26940,28657100
3181,4,5,22,7.3,6,0.8,34715,20288500
1768,4,2,29,9.3,3,4.74,30482,10354200
2116,6,1,28,6.0,7,4.94,13280,13825200
1843,4,2,25,4.1,2,0.9,12244,11691500
1081,5,1,5,14.1,3,1.81,10164,8091300
3644,3,3,13,10.8,3,2.18,30985,21374400
1858,2,4,21,4.8,3,3.99,35188,11054200
3332,6,2,21,7.1,4,3.18,23149,20997400
4628,5,5,5,12.2,7,3.4,38764,29142000
1808,2,3,25,2.4,4,3.91,22088,10556800
2029,2,1,6,3.8,4,1.03,26405,12369900
1835,6,2,11,2.4,3,4.25,10821,13364500
1075,5,1,2,16.4,2,3.68,30322,7722900
3540,2,1,13,15.3,3,3.1,30516,19177000
3089,2,1,21,15.3,1,4.5,18473,15928500
2039,5,4,18,14.6,2,3.65,21686,13254500
925,4,4,22,13.7,4,1.41,17762,6859300
4865,2,5,15,10.1,6,2.43,13969,28308900
4668,3,2,6,13.2,6,2.72,34548,27123600
2008,5,3,7,1.7,7,0.75,20178,15085000
4049,2,3,17,12.8,5,4.8,34820,22547500
1718,6,3,24,15.8,7,1.08,14168,12213400
4723,3,1,12,10.5,2,3.64,35018,26504700
2769,2,4,20,7.8,4,2.78,25097,16149900
3593,3,2,8,6.3,2,0.62,22096,21446100
1691,3,1,9,13.2,2,4.66,15203,9667300
2833,4,4,20,14.2,6,4.33,11545,17267900
2164,3,4,22,17.5,3,2.86,32798,12533800
928,4,2,26,7.5,1,1.53,8863,6195400
1814,5,2,8,15.6,5,1.05,24148,12459000
2599,4,2,14,11.7,4,2.14,29009,15918700
2318,6,1,19,17.8,2,1.65,29691,14455000
4981,2,5,1,11.0,5,2.78,25809,29441900
1998,5,2,24,10.8,2,4.85,26688,12251000
4673,5,5,12,12.0,6,3.09,8653,28990700
3274,6,1,1,15.2,1,4.5,33735,20353000
4285,4,5,18,19.3,6,3.43,16129,25404900
4849,2,3,25,2.4,5,2.64,34418,27534700
4519,4,5,1,2.0,4,4.35,31118,28442500
1102,3,2,2,18.8,2,2.62,8443,6930600
4752,4,1,5,11.1,1,4.41,35041,27379800
1786,5,2,2,12.7,6,1.81,31843,12816800
2663,2,3,30,10.2,5,1.08,29053,14902900
3872,4,2,9,2.8,6,4.35,38848,23728000
3924,2,2,23,15.6,2,3.14,13106,20963200
2127,2,2,26,15.2,2,4.5,12436,10794500
3208,3,4,5,6.9,4,4.72,27241,19744600
4473,3,3,22,6.8,1,0.74,17472,25736700
4091,5,2,15,16.9,3,2.75,11039,24137500
4833,6,2,16,2.4,6,2.19,36371,30150700
1503,2,2,18,17.7,2,3.32,36213,7729100
1374,6,1,2,5.9,5,4.07,36334,10955600
4032,5,4,17,12.3,6,1.76,16291,25053800
3432,2,1,6,18.8,4,3.01,18278,18798800
4628,2,4,8,13.9,4,3.69,24285,26438200
4030,6,2,19,8.9,2,1.1,34886,24860000
1288,4,3,11,14.1,2,4.16,36821,8547800
2147,3,5,4,7.5,2,3.23,21944,14195900
4481,4,5,2,6.3,7,4.77,10737,28132100
3973,6,2,10,19.9,3,2.03,31340,24214900
2467,3,1,24,15.3,2,0.99,38025,13478700
2437,4,3,29,13.2,6,2.78,29623,14595900
4914,3,4,3,7.8,6,0.89,9607,29824200
4353,2,2,4,1.9,7,4.86,38938,25525300
1800,4,3,0,1.6,7,0.67,10953,13707600
1650,3,3,26,11.5,1,3.89,20173,9303200
2188,3,4,27,15.5,5,2.86,13933,12755800
4512,3,3,30,11.2,2,2.16,19386,25172800
2167,4,1,28,17.0,6,0.8,36915,12532500
1621,5,1,17,1.6,7,3.3,23221,11557500
1254,4,1,11,8.0,6,3.13,12682,8711400
2424,6,3,12,5.5,6,1.76,22853,17235800
3572,4,1,8,9.5,7,4.6,19284,21429000
4526,3,4,1,2.4,3,1.87,30717,27750600
3947,2,3,4,19.1,7,2.52,31776,22669100
4889,4,5,12,5.2,7,2.95,19154,30171500
2990,4,3,15,18.5,5,0.95,35238,18086000
1716,3,4,15,9.1,7,4.69,17047,11188200
4786,2,5,23,19.7,4,2.19,30993,26631200
3675,2,3,2,11.5,7,0.86,18338,22004300
2240,6,1,21,18.7,6,2.24,22323,14192200
1535,4,2,3,1.1,2,3.2,12925,11031500
4368,2,2,10,15.2,6,2.81,33962,24522800
4138,2,1,22,18.2,5,3.63,39716,21949400
3815,5,2,25,3.7,4,0.75,31634,23383500
3689,5,2,13,2.8,7,1.78,34292,23529900
1761,2,1,28,9.1,3,4.19,13783,8945700
3789,6,1,2,18.7,1,0.86,20343,23327300
4648,2,3,15,11.3,7,4.35,17917,26301000
1826,3,3,21,11.0,2,0.91,18145,11013800
4665,4,1,14,3.7,1,4.26,37717,26987300
3663,6,4,27,1.0,3,2.12,14723,23572100
3301,3,2,30,16.4,5,3.25,24568,18017500
2747,6,3,9,2.7,5,1.19,24905,19326700
1977,3,2,8,13.0,3,0.8,38273,12167500
811,4,5,10,18.4,6,1.47,34887,6996100
4164,4,1,15,5.0,3,1.08,25632,24672400
3822,5,4,9,13.6,7,1.91,34234,24289800
4171,3,5,16,2.5,2,2.81,21349,25128300
3630,5,5,18,12.5,4,3.15,9002,22712000
842,3,5,1,4.1,7,4.05,14266,7808000
1743,5,1,23,15.0,7,3.45,35803,10972500
3190,4,3,22,6.7,7,3.24,30828,19587200
3345,6,1,1,9.8,1,2.35,39552,21379500
3211,5,3,5,12.4,1,2.63,38689,20226900
1804,3,5,30,4.3,5,2.37,19330,11636600
820,3,5,18,15.1,7,4.29,34504,6038200
1206,4,4,7,6.8,6,1.54,22980,9822200
1814,3,3,25,13.6,5,0.53,15017,10911400
2638,2,5,28,4.0,2,3.43,16585,15317400
3988,6,2,2,14.1,3,1.41,24011,25177800
1514,5,4,25,3.4,1,4.51,26001,10597800
4946,6,1,13,9.1,7,4.37,36217,29991600
4654,4,4,24,5.7,2,0.85,25044,27696000
940,5,2,15,15.2,5,0.98,13524,7338400
1763,5,3,0,6.0,5,2.73,32000,13348900
1172,2,1,20,17.8,1,3.24,13250,5411200
4435,4,1,2,17.9,5,1.74,36740,26030700
3341,3,3,21,4.7,6,3.73,15512,19848900
4410,2,4,25,12.7,5,3.18,31289,24634400
2492,2,5,17,2.7,4,1.96,8319,15531800
905,6,4,8,8.4,3,0.61,18416,9016300
2481,6,2,5,14.6,5,3.88,33159,16607900
4897,6,5,22,13.5,4,1.47,11600,30212100
4816,2,4,20,12.9,2,4.26,30344,26673800
3436,3,3,24,6.4,5,2.39,13279,20163200
2937,5,2,0,8.2,6,3.1,33157,19407500
4216,6,2,20,3.0,2,4.43,36272,25846400
4330,3,2,26,14.7,7,4.39,26151,24059200
2086,4,5,9,10.6,5,2.17,34132,14420600
3979,6,1,26,14.5,1,1.44,23494,23396700
4454,5,5,5,5.7,4,3.99,26182,28269200
3159,4,4,22,7.2,4,2.45,20398,19476500
1244,4,1,11,7.4,1,1.36,33574,8410800
835,5,4,3,1.5,3,4.57,33333,8289100
2275,6,1,27,7.5,7,1.39,8282,15070700
4757,2,5,12,16.3,6,0.62,22030,27648100
2598,5,2,16,18.0,4,0.59,30721,16158200
2645,5,3,30,10.8,2,3.3,23302,15995500
2208,5,2,26,9.7,6,3.48,13166,13947400
2508,4,5,7,1.6,4,1.9,15121,17404000
3738,3,1,25,17.7,7,1.94,22677,20637200
2100,2,2,19,1.2,3,2.03,31793,12372400
2043,6,5,2,19.0,7,3.56,39241,15179300
4776,6,4,11,10.3,2,0.76,24373,29905800
3897,3,3,6,7.5,7,4.68,29873,23446900
809,5,2,11,18.6,6,1.5,12896,6617500
3225,2,1,1,1.5,2,5.0,39622,18682500
2460,6,4,23,12.0,1,1.27,24514,16287600
3431,6,5,13,11.4,5,3.97,9293,22546100
1872,5,3,21,5.2,1,1.51,30443,12700800
4025,3,1,22,9.1,6,0.86,14957,22997300
2116,2,5,29,13.4,5,4.44,24444,11917200
4945,3,5,4,14.8,1,4.36,26595,28838300
4483,3,2,8,1.0,5,2.32,17740,26808100
4073,2,2,20,18.8,4,3.66,20559,21846300
945,2,1,10,4.1,7,3.01,17973,6249300
3840,6,5,4,5.4,2,4.34,14276,25321200
2262,6,2,2,6.0,5,1.92,29747,16390600
2384,2,3,26,1.7,4,2.86,16152,13849800
1282,4,3,16,3.3,7,2.68,15973,9698400
3979,6,5,1,19.7,7,2.09,23333,26004700
2049,4,2,23,7.0,3,4.51,38129,12388300
1430,2,1,30,3.2,1,1.25,8037,7591000
1461,6,1,0,3.0,3,1.17,13990,11885100
4303,3,1,6,14.7,6,3.1,13438,24665500
3652,2,3,29,17.2,4,3.46,32061,19516800
3266,5,2,13,5.9,3,1.38,23735,20634400
1787,4,2,4,1.4,3,2.26,36207,12559300
2346,2,3,18,5.2,7,4.76,18856,13867800
1449,2,1,27,2.1,4,1.61,8473,8179300
1768,6,1,27,3.0,7,3.51,8058,12342800
3437,6,5,30,9.2,2,3.83,10636,21599900
1900,6,4,10,5.4,5,2.52,38635,14569600
1240,5,2,22,10.8,6,4.72,22834,8597600
1569,6,2,24,5.8,6,3.81,23577,11366300
2143,2,2,1,18.9,1,2.56,38590,12006300
4529,6,4,7,18.2,7,3.06,26998,28418300
4706,3,5,8,11.8,5,3.62,35190,28022600
2377,6,4,26,7.7,1,3.16,15296,15755300
4808,5,1,2,8.2,6,4.45,29383,29136000
4151,3,1,1,8.8,5,2.11,20670,24511300
3149,2,2,6,14.8,3,1.85,33987,17861500
4402,2,3,4,9.6,2,1.46,32660,25463800
2041,4,2,20,17.3,3,0.67,17725,12234100
1925,3,3,25,18.9,2,0.69,28181,10831700
3401,4,4,4,7.4,7,4.42,10674,21757100
1990,3,1,19,11.7,4,3.55,23796,11250000
4931,3,3,12,2.8,1,3.47,19065,28708100
872,5,4,20,4.8,1,3.27,30820,7367600
2714,4,1,28,8.9,4,4.32,27504,15485600
3272,5,3,19,4.9,5,2.66,33666,20783800
3846,3,2,30,17.7,4,4.42,19026,20683600
1507,2,2,28,4.0,7,2.12,36800,8854100
2604,3,2,5,9.7,6,4.67,10076,15832600
4513,5,4,19,12.5,4,3.64,38240,27159700
3364,4,2,17,14.1,2,1.66,27574,19665800
3275,4,5,24,8.3,6,3.04,12787,20366700
4410,5,1,1,17.5,4,2.9,30440,26332000
3623,4,4,24,11.8,1,1.12,36804,21466100
2535,6,2,25,9.4,3,3.16,15494,16155300
2385,2,1,5,2.3,2,1.92,33784,14176100
866,2,3,8,9.8,7,0.74,27961,6388200
3861,2,2,24,16.6,2,4.77,29125,20301100
3228,4,1,2,12.7,5,3.39,31216,19558200
4953,4,5,0,16.8,3,4.45,10581,29731500
1141,3,3,0,10.4,2,3.54,23600,8022700
3574,3,5,18,3.3,4,2.11,38284,21972800
3617,2,1,4,1.3,2,2.81,28171,20965300
3461,6,5,12,6.8,2,3.54,33091,22834700
2032,3,1,18,14.3,2,4.82,22333,10996600
4674,3,1,11,16.0,5,1.64,38535,26440200
3201,4,5,15,6.6,2,4.44,31487,19960700
2294,6,1,24,10.4,2,4.66,18404,14229800
1461,2,2,24,9.0,5,3.52,19166,8083100
4683,3,1,18,8.8,6,4.69,8932,26377700
4419,6,4,2,5.4,3,2.29,26047,28651700
2668,6,1,11,3.6,7,4.79,16748,17897200
3134,2,4,29,4.7,6,3.66,23577,18018800
4174,6,1,4,2.1,1,0.69,32298,26527200
1816,6,1,1,4.8,5,4.58,34247,13452400
1007,6,5,21,1.2,5,2.68,23015,9682900
3465,3,2,6,12.9,2,2.57,33568,20146100
3293,2,2,12,7.0,2,3.05,24108,18655500
1432,6,3,24,19.5,7,1.17,34204,10370600
2902,6,5,14,4.7,1,2.61,39748,19818800
3759,3,5,21,7.6,2,4.24,34267,22083700
3883,2,2,2,7.8,4,0.57,29236,22842100
2731,4,5,27,1.2,2,1.73,9104,17478900
4519,3,2,20,16.9,2,0.51,25654,25210300
3362,2,5,19,1.6,4,2.37,35478,20244600
2479,6,1,30,18.9,1,3.78,39212,14357900
1036,2,2,4,17.9,4,4.09,20936,5954200
2340,2,2,23,11.2,5,4.75,17601,12666000
4743,2,4,7,11.3,4,3.24,11646,27356700
1163,4,5,21,13.4,3,1.65,29471,8410500
3168,2,5,0,8.4,5,4.66,33906,19476800
1085,4,2,7,13.3,2,3.99,29107,7407700
948,6,1,23,1.9,7,3.08,22960,8161400
4837,4,1,17,2.0,5,3.63,22878,28377900
2566,6,1,19,9.7,1,4.66,26438,15924800
1812,6,5,27,11.4,1,3.71,38621,12572800
3631,4,4,15,17.9,4,2.16,17145,21708300
3307,3,2,17,3.0,5,3.71,31042,19583300
2323,5,3,19,16.6,2,0.68,26226,14682900
3585,2,4,11,5.0,1,2.24,10802,21048700
3356,5,3,12,8.5,6,2.33,32119,21483400
4525,2,4,12,7.0,2,1.25,38792,26247500
2401,2,1,9,8.6,6,0.6,32585,14181500
3208,6,5,6,3.9,3,1.1,38268,22339000
1140,2,3,24,10.6,6,3.45,24365,6614000
3617,2,4,13,16.2,1,4.11,35185,20116300
3296,4,5,29,9.4,4,4.95,32697,19726000
2525,5,3,23,10.3,3,2.06,37358,15969300
2489,4,2,15,17.1,5,3.2,14105,14858500
4067,2,4,14,14.4,2,4.72,26944,22694100
1061,6,2,11,10.3,1,1.25,27421,8714500
2242,4,1,8,5.9,3,3.73,33016,14070400
1205,4,2,7,17.8,3,3.9,39781,7863500
2990,3,2,17,12.0,1,0.9,10749,17147000
1043,2,4,22,5.2,5,4.38,24974,6646900
4907,6,1,17,6.1,5,4.16,25752,29612300
1360,4,2,12,16.3,4,0.65,18181,9061000
4937,4,5,27,1.8,7,0.91,9361,30168300
3525,6,3,26,19.8,6,0.72,32512,21715100
1393,2,2,17,3.5,5,2.01,11773,8625300
2626,3,1,14,16.1,4,2.79,21495,14781200
4029,4,2,3,8.5,6,2.9,38786,24666500
4087,3,3,16,10.4,3,1.7,10064,23746500
4873,5,1,30,17.7,1,4.6,38078,26910500
933,2,4,4,8.8,5,2.16,26799,6956300
3938,5,1,21,11.2,4,0.7,27335,23441000
4719,5,4,15,1.9,3,1.85,38011,29349500
872,5,1,8,1.0,5,2.89,13616,7779200
3778,2,3,9,5.7,2,2.34,15975,21949200
2785,2,3,23,13.9,7,1.73,18960,15786900
1592,6,1,17,3.3,3,1.09,35992,11744200
894,3,2,16,3.2,5,4.19,31485,6290200
1933,3,3,17,8.8,3,4.98,34152,11567900
1037,6,4,6,13.3,1,1.98,29387,9134900
3746,6,4,3,14.5,1,2.22,23324,24071600
3330,5,5,25,4.4,7,3.28,39192,21563400
2760,6,4,4,2.5,1,3.73,32690,19257400
1848,4,5,27,18.9,6,2.26,14243,11719800
3329,3,1,22,6.0,2,4.57,30965,18541100
3764,6,1,15,17.2,1,3.02,17560,22385600
1763,4,1,2,17.4,2,2.53,22684,10974900
1336,4,2,25,15.7,1,3.41,16330,7689800
4479,4,2,17,4.2,6,4.79,12923,26515700
4987,4,5,28,16.6,3,4.08,14467,28576900
4524,5,4,22,15.6,5,0.68,29325,27308400
1342,4,4,20,12.3,5,2.0,35949,9380000
1645,5,1,13,7.4,1,2.62,30821,10965100
4403,5,3,14,6.0,5,1.92,14076,27266100
3836,4,2,16,3.3,1,3.65,30032,22729000
3294,3,2,0,10.7,1,4.22,16001,19361600
3519,4,1,24,12.1,7,3.79,23303,20252700
2684,4,2,20,7.8,4,4.95,25699,16022000
4938,4,1,16,10.0,4,1.73,24457,28551400
4001,3,5,22,7.9,7,4.44,36422,23819700
3510,2,4,24,13.2,4,3.95,16675,19507000
2753,2,3,10,18.1,2,2.13,20303,15418900
4650,5,4,16,4.1,4,3.8,25933,28632000
1489,5,4,25,8.2,1,0.97,25743,10549100
2750,3,5,13,3.7,6,4.05,23128,17630000
1256,6,2,28,12.9,6,2.9,26280,9057000
2930,2,3,19,14.8,3,1.82,14659,16310600
4776,5,2,29,18.7,4,3.45,39644,27095000
1979,2,4,18,6.3,6,3.39,13246,12136700
4365,3,1,20,19.1,4,1.44,14967,23997700
1682,3,4,6,2.2,3,0.64,14661,12020200
1199,6,2,23,12.5,6,2.45,20416,9075500
1408,6,4,12,2.1,1,3.06,8510,11529800
2438,3,1,17,18.0,2,4.44,16614,13066200
2948,5,5,22,11.1,7,4.68,10432,18975400
2182,2,2,29,13.7,7,2.88,9906,11746400
2203,4,4,13,16.8,7,3.89,36903,14123700
1619,6,2,0,3.9,4,2.48,33534,12933900
4092,4,5,6,1.7,6,3.86,33400,26123800
1619,5,4,7,17.7,6,1.42,23554,11945100
1219,6,4,17,7.0,3,2.17,24448,10204100
4102,4,2,8,3.5,1,3.35,12928,24614000
2308,5,2,0,9.9,5,0.58,12710,16031400
1567,2,1,28,12.4,6,3.75,19540,8000500
2844,5,5,21,1.6,2,4.26,14124,18668800
2939,6,1,16,6.2,3,2.3,15837,18854500
3829,3,4,18,1.6,6,2.52,23583,23345100
2349,2,2,26,9.0,6,4.33,25184,12869900
2564,4,4,5,18.0,3,3.99,30447,16013200
3445,6,4,2,19.7,3,1.8,32853,22352500
4516,3,3,23,13.1,4,1.96,14109,25635800
3093,5,3,4,4.1,6,3.55,17909,20598500
3508,3,4,1,18.2,5,3.03,34989,21106400
1700,6,2,19,10.8,2,1.23,14659,11896400
3884,6,4,24,3.9,1,1.89,9238,24562200
2809,3,3,3,18.5,1,4.55,30966,16258500
1041,5,2,9,15.4,5,3.6,28907,7865500
3185,3,4,9,14.9,3,4.94,23064,18731700
1471,6,5,23,14.5,3,3.95,39115,10851500
963,6,5,20,4.8,3,4.74,39952,8791700
1264,4,4,10,5.0,6,1.47,13620,10125600
3842,4,2,26,14.1,3,3.97,9486,21667600
3242,2,4,15,5.2,3,0.59,12681,19346200
3155,6,4,25,9.3,6,3.52,19490,20429100
3357,4,3,28,15.9,6,2.61,12470,19537300
1345,3,5,28,15.9,5,2.06,30003,8437300
4635,5,3,29,9.6,4,4.38,35571,27144900
1393,3,3,30,16.1,6,4.34,32668,7813700
4604,5,4,16,16.9,2,0.6,19723,27667000
2259,4,3,15,13.4,3,3.24,21888,13947700
4293,2,5,6,5.3,4,2.16,39040,25781300
3401,3,3,15,6.2,1,2.37,15177,20037100
3244,3,5,2,7.0,5,4.24,21201,20543200
3472,3,3,25,3.2,4,1.89,13441,20495200
5000,5,5,15,6.2,6,4.74,26224,30847200
816,4,3,7,5.0,3,1.31,19719,7230800
3991,3,3,29,9.7,3,3.48,13397,22403900
1192,3,2,11,18.3,3,3.52,9621,7002600
1224,2,5,2,3.0,4,1.63,25945,9326400
1371,2,5,16,14.7,3,1.96,30233,8476300
4431,4,5,20,14.1,6,4.26,25800,26372300
1920,4,1,17,2.8,4,3.93,35540,12142400
1041,6,3,10,18.5,3,1.98,12190,8492900
4697,2,5,3,11.8,1,2.9,38451,27309500
4895,6,1,15,7.9,1,0.78,13054,29525900
3079,5,2,16,15.4,2,1.44,9130,18683700
1588,6,5,8,5.9,3,2.69,33989,12998200
1514,3,5,5,14.2,3,0.89,22071,10576200
3649,6,1,23,1.8,4,4.29,27981,22578700
1575,4,3,26,16.9,4,3.73,19936,9431900
4826,5,2,19,9.5,7,4.75,10118,28658000
3047,3,5,24,13.1,3,3.62,8663,17807100
878,6,3,1,5.2,2,4.73,37640,8547400
4726,5,2,8,13.9,3,3.0,27018,28160000
1655,5,4,27,15.7,6,3.2,23735,11069500
2948,3,4,20,10.0,4,4.9,27158,17326000
1831,6,2,28,12.7,3,3.39,39087,11874700
4071,5,1,5,9.7,4,0.64,30578,25084700
4376,5,2,2,18.0,3,3.76,28353,26156800
4982,2,2,19,10.5,5,4.57,37838,27467600
4256,5,1,5,17.0,4,4.08,27874,25178400
4306,2,1,6,16.2,2,3.13,17763,23573400
1207,6,3,0,8.8,5,3.52,25907,10600100
3511,6,3,22,5.4,6,4.96,16053,22337300
3888,6,1,0,8.7,3,0.91,25371,24865800
2468,4,4,4,16.7,7,3.5,35814,16085000
947,6,4,5,5.3,6,1.78,32299,9773900
4697,5,2,12,11.0,4,3.38,30787,28057900
2750,3,5,1,16.3,5,3.23,39935,17346400
1165,2,2,14,7.7,6,1.19,29705,7425700
2474,4,2,14,13.2,2,1.43,11845,15011400
3346,6,5,12,5.7,7,3.3,21496,22808000
1362,6,1,25,3.1,4,1.08,14301,10194400
4362,3,4,24,16.1,5,1.69,19885,24961200
3289,3,2,13,2.9,6,4.26,24482,19725300
1572,4,5,25,6.2,5,1.97,10288,11125600
2837,2,3,21,17.2,5,2.7,34090,15625500
4223,6,2,6,7.6,6,4.74,28681,26625700
3367,4,4,13,19.5,1,1.52,33209,20021100
2373,5,1,30,19.6,3,2.25,15796,13509500
4494,5,2,25,6.1,4,3.23,15263,26652400
4091,4,2,30,1.8,4,3.9,37417,23806500
2046,6,5,23,14.4,7,4.56,20777,14347800
4519,4,3,26,9.6,7,4.62,16770,26328100
4639,6,3,30,2.9,7,3.99,28343,28532700
1159,3,1,28,14.4,4,1.53,15385,6282900
3176,4,4,9,1.6,5,0.61,22862,20932800
3809,6,1,16,17.5,7,2.23,16464,23256900
3793,4,2,13,3.6,6,1.14,29722,23422700
1762,4,2,7,3.4,3,3.7,12881,11959000
4432,6,3,3,4.3,2,3.48,28338,28207400
2627,6,4,25,19.2,4,0.7,24018,16970500
2413,2,5,15,14.2,6,4.26,23691,14316300
2440,4,4,23,16.2,3,1.62,28311,14841600
3016,5,2,12,8.6,3,2.45,33028,18992000
1177,4,5,30,7.4,1,3.51,17367,8034300
1169,4,4,21,5.5,6,2.43,39066,8902900
2996,6,4,26,10.1,4,2.49,29295,19372200
4547,4,5,24,11.5,7,0.8,8413,27507500
1451,4,2,26,13.0,5,2.31,25934,8993300
1569,5,4,19,5.9,7,3.94,28910,11693700
3221,6,5,17,19.0,3,4.62,22714,20381100
1580,4,2,13,4.2,3,2.36,15141,10762800
2516,3,5,17,19.3,2,2.41,21182,14847800
4783,2,5,4,1.3,7,3.66,30955,28976300
2111,5,4,25,10.1,1,4.74,24225,13384700
4159,4,2,8,7.3,3,1.7,9946,25059500
1322,3,4,27,9.5,3,2.48,29587,8258400
1321,4,1,2,11.8,5,4.08,8191,9049900
3120,4,1,7,9.3,5,3.24,24424,18970200
1735,6,2,19,8.9,2,1.0,22175,12249500
3030,6,5,21,14.9,6,3.32,18051,19873600
4840,6,4,9,14.0,2,1.34,13892,30029200
4497,3,4,21,16.8,2,2.8,33908,25371500
3637,4,2,18,5.7,5,2.88,11449,21858900
4883,2,2,29,12.6,7,4.44,16327,26491700
3261,5,1,20,12.1,7,2.58,13909,19778900
4043,6,3,27,8.0,7,1.76,20393,25315300
4159,6,2,2,10.2,6,1.54,37190,26675700
1485,4,3,10,7.0,5,4.43,9941,10445900
2960,4,2,30,3.7,1,1.27,39533,17468600
4788,3,5,10,5.1,4,2.42,34141,28886600
4866,3,5,30,3.0,4,1.34,12221,28592200
2367,6,1,16,14.0,1,3.98,31908,14760900
838,4,1,15,13.6,7,2.63,14543,5991400
3344,2,3,6,19.1,4,2.08,30606,19005400
2056,5,2,3,14.9,6,2.12,32964,14060600
3790,4,4,29,2.0,5,4.33,25942,22835400
2996,4,1,22,17.8,4,2.99,22012,16873200
4268,3,4,18,17.4,6,3.73,10121,24508400
3508,5,4,11,9.4,5,4.54,25412,22241200
1101,6,2,14,12.1,6,4.56,38614,8761300
1446,4,3,30,19.5,1,1.98,19726,8250400
2559,6,2,10,11.1,2,4.79,32657,16622700
1397,4,1,4,18.2,1,0.61,13656,8936300
1461,6,4,4,2.6,4,2.2,16967,12589500
2168,5,2,14,4.6,5,4.53,27422,14458400
3381,3,2,28,9.4,6,1.74,23764,19328700
4668,5,2,17,12.1,4,1.73,23873,27769400
4337,2,1,10,16.5,4,1.86,36949,23875300
1082,3,3,25,19.8,2,3.26,19079,5823800
4478,5,2,11,8.4,7,2.47,26262,27494600
2286,2,1,1,1.9,4,3.77,10271,13837600
4882,4,4,19,16.2,2,4.53,9607,28023400
4983,4,5,14,12.5,5,3.53,27523,29807900
1260,6,1,19,4.8,5,1.42,23679,9873600
3125,3,5,3,10.4,6,4.7,24989,19645500
4554,4,2,21,15.1,7,1.69,38738,26437200
3268,3,2,17,15.6,2,1.17,29119,18491600
2524,4,1,5,10.5,1,0.9,35990,15589000
2176,6,5,22,6.8,5,3.04,11665,15627200
3543,5,2,26,19.5,7,1.01,38461,21000300
1314,6,4,25,13.6,6,1.12,24308,10290600
1502,2,3,18,8.8,1,1.85,13852,8723000
2453,4,3,10,6.3,5,1.77,13462,16138100
2866,2,2,27,14.9,5,3.22,26528,15283600
822,2,5,23,5.6,6,4.18,39795,5777400
3260,3,2,1,4.3,6,3.93,12270,20107400
2104,4,5,26,11.1,3,1.68,23697,13493400
4100,2,4,7,6.5,4,1.6,36341,24353000
1161,5,5,28,12.9,4,4.85,32491,8400500
4527,2,2,10,3.2,1,0.54,25760,26009700
2084,5,4,4,13.4,4,4.46,11462,14388800
1314,3,1,17,6.4,1,1.4,23474,7961000
1248,2,3,22,1.0,7,4.76,8347,7922800
2655,6,2,29,3.4,5,2.04,24384,17369700
4362,3,2,17,18.7,3,2.48,8062,24234400
3320,5,2,13,17.5,3,3.68,9783,19843400
3881,3,4,21,5.4,5,3.14,36390,23040700
2228,2,1,9,15.8,6,1.93,16417,12566400
4767,4,5,2,12.6,2,2.99,14566,28977700
1722,4,1,8,19.4,2,3.79,25426,10158200
3937,5,4,2,8.1,4,0.69,38750,25503700
2959,5,2,10,13.9,6,0.55,33420,18935500
3347,4,3,30,2.2,1,2.56,18872,19847300
3779,5,2,11,8.5,7,1.09,36695,23808700
3081,3,5,11,19.3,3,3.49,39556,18225700
3449,6,3,2,11.2,4,1.46,23318,22810300
1113,6,2,20,6.5,5,2.45,9234,9072500
3413,3,3,6,3.3,6,1.39,9984,21373700
3883,6,1,13,14.4,3,2.97,36832,23542100
3056,2,4,23,13.3,1,1.02,33854,17104600
1837,3,2,27,8.1,1,0.6,25978,10614500
4289,5,5,10,19.1,2,0.73,30641,26364900
3434,3,1,6,1.4,4,4.79,35127,20414200
4783,4,2,24,6.8,5,1.14,9952,27993700
2578,5,1,20,18.5,3,3.69,26079,15041200
4695,4,5,9,7.1,7,0.81,25338,29378300
1924,5,2,10,5.8,1,0.99,11291,13257200
1497,6,5,14,11.2,3,2.79,16548,11814700
2979,3,3,18,16.7,5,2.59,22504,17204700
2204,2,5,15,3.0,3,4.78,19787,13588400
1843,5,3,21,18.9,4,4.75,8968,11493500
2729,5,2,20,16.1,2,4.01,24625,16201300
1813,4,3,27,4.4,3,3.21,36022,11528300
1026,6,2,19,14.5,6,2.55,12234,8172000
2628,4,2,11,8.3,2,2.1,34720,16271000
2823,4,4,17,8.6,5,4.76,16338,17603300
3252,6,2,22,15.9,2,3.21,15349,19687800
2885,2,3,12,19.3,3,3.11,21368,15943300
1880,4,4,4,3.4,3,1.54,29545,13617200
3120,4,4,3,9.0,6,0.71,23201,20494800
3990,5,2,27,10.1,1,4.75,24070,23018000
3430,6,5,13,8.1,6,1.91,16734,23118800
3363,3,5,7,7.9,3,2.49,16883,20894700
